{"1": {"assistant": 0.24394344400304854, "goal": -0.10050123999355691, "auto": 0.4165650290526283}, "2": {"assistant": 0.1570911284477419, "goal": -0.05267509993036654, "auto": 0.5538198595190282}, "3": {"assistant": 0.15117190998733906, "goal": 0.011916927142467929, "auto": 0.6147357072727613}, "4": {"assistant": 0.1803960364818948, "goal": 0.023058836103610057, "auto": 0.6634006545259321}, "5": {"assistant": 0.20110435009692262, "goal": 0.061233379818931975, "auto": 0.691835193788162}, "6": {"assistant": 0.20340589196826125, "goal": 0.0784452263170982, "auto": 0.7201925478277142}, "7": {"assistant": 0.21103277165012485, "goal": 0.09025062190938435, "auto": 0.7472266630988512}, "8": {"assistant": 0.22301366935082867, "goal": 0.0840235899041455, "auto": 0.7712422409486149}, "9": {"assistant": 0.23695445780196767, "goal": 0.08604398523266579, "auto": 0.7904737912925486}, "10": {"assistant": 0.2297796829626807, "goal": 0.07984917048623293, "auto": 0.8059323724431818}, "11": {"assistant": 0.2353491543203531, "goal": 0.07890539805237967, "auto": 0.8183375477734623}, "12": {"assistant": 0.24838761480990806, "goal": 0.08240669885826363, "auto": 0.8335605551386492}, "13": {"assistant": 0.26204057727019475, "goal": 0.08108981611695718, "auto": 0.845949315164397}, "14": {"assistant": 0.26554050658980244, "goal": 0.08432274671034197, "auto": 0.8569949608142701}, "15": {"assistant": 0.26656664696230653, "goal": 0.09349244816386956, "auto": 0.8699967485276338}, "16": {"assistant": 0.2641248152825415, "goal": 0.09924355191118421, "auto": 0.8796388974519309}, "17": {"assistant": 0.27114029339784523, "goal": 0.10407141230703054, "auto": 0.8884259187732101}, "18": {"assistant": 0.2735192198655163, "goal": 0.10788627746535978, "auto": 0.8967596094413955}, "19": {"assistant": 0.28062266459750845, "goal": 0.11706028673029617, "auto": 0.9042026088941081}, "20": {"assistant": 0.28865613776034815, "goal": 0.12246208622747165, "auto": 0.9114186528691681}, "21": {"assistant": 0.29505484631132245, "goal": 0.1259813312422923, "auto": 0.9188543183047274}, "22": {"assistant": 0.2984271330382614, "goal": 0.1318287008183672, "auto": 0.9253427150487912}, "23": {"assistant": 0.30029784010027233, "goal": 0.1406398889083062, "auto": 0.9316508423020478}, "24": {"assistant": 0.30588829509863763, "goal": 0.1369964360904119, "auto": 0.9375926980231485}, "25": {"assistant": 0.31055538652285314, "goal": 0.14162920031336979, "auto": 0.9433372312570233}, "26": {"assistant": 0.32002543900826014, "goal": 0.14964934550881231, "auto": 0.9487179011127835}, "27": {"assistant": 0.32208423608084535, "goal": 0.15765573957434917, "auto": 0.9536591648947348}, "28": {"assistant": 0.3317512237373767, "goal": 0.16785501080946874, "auto": 0.9580758513958149}, "29": {"assistant": 0.34072459777035746, "goal": 0.17352016908764661, "auto": 0.9622154224990045}, "30": {"assistant": 0.3477983471499206, "goal": 0.17796963561600593, "auto": 0.9657807611674177}, "31": {"assistant": 0.35614487324639127, "goal": 0.18385205517756345, "auto": 0.969231691404311}, "32": {"assistant": 0.3614775521069928, "goal": 0.18446463802946889, "auto": 0.972855744883742}, "33": {"assistant": 0.3664879594404191, "goal": 0.18591924907613036, "auto": 0.9762252188761765}, "34": {"assistant": 0.37134348952912477, "goal": 0.1868633889639376, "auto": 0.9790711622774929}, "35": {"assistant": 0.3795483962086957, "goal": 0.18791230373377124, "auto": 0.9825996792622806}, "36": {"assistant": 0.3832622595507081, "goal": 0.1898219814252696, "auto": 0.9854639921743387}, "37": {"assistant": 0.39119388305858327, "goal": 0.1885235939175986, "auto": 0.9878747649969635}, "38": {"assistant": 0.39809675161587144, "goal": 0.19229645657069427, "auto": 0.9901460904726113}, "39": {"assistant": 0.4030219288480269, "goal": 0.19163665031446095, "auto": 0.9921358329932733}, "40": {"assistant": 0.41040276868048836, "goal": 0.19593644458408382, "auto": 0.9939980225522129}, "41": {"assistant": 0.41159765494527767, "goal": 0.19611664481001706, "auto": 0.9954702697477367}, "42": {"assistant": 0.41234554061962997, "goal": 0.19710317211419248, "auto": 0.996786182634062}, "43": {"assistant": 0.415565959099624, "goal": 0.19716531693410538, "auto": 0.9978511571125906}, "44": {"assistant": 0.4168819729891727, "goal": 0.1961638974445561, "auto": 0.9986200615875407}, "45": {"assistant": 0.41842460954399974, "goal": 0.19669575203466583, "auto": 0.9991827209868275}, "46": {"assistant": 0.41753114711329076, "goal": 0.19715863603360884, "auto": 0.9994628565561099}, "47": {"assistant": 0.41919075977640097, "goal": 0.19699583149842678, "auto": 0.9995697782800228}, "48": {"assistant": 0.4203514362715671, "goal": 0.1977193166836578, "auto": 0.9996102133492395}, "49": {"assistant": 0.4203514362715671, "goal": 0.1977193166836578, "auto": 0.9996102133492395}, "50": {"assistant": 0.4203514362715671, "goal": 0.1977193166836578, "auto": 0.9996102133492395}}