{"1": {"assistant": -0.05380713712513265, "goal": 0.1921394269598789, "auto": 0.4084434681575294}, "2": {"assistant": 0.0015182085436184537, "goal": 0.207441548273968, "auto": 0.5082368843593528}, "3": {"assistant": 0.022520099964364174, "goal": 0.2705713189923802, "auto": 0.5817644875948661}, "4": {"assistant": 0.030292015003316422, "goal": 0.3029369384156354, "auto": 0.642284909885727}, "5": {"assistant": 0.05297053209919147, "goal": 0.33869058779601396, "auto": 0.6878335230206032}, "6": {"assistant": 0.04570938642511428, "goal": 0.36964346349381566, "auto": 0.7132685152748521}, "7": {"assistant": 0.032327428696536216, "goal": 0.37196306894967424, "auto": 0.7426901492352648}, "8": {"assistant": 0.024534906281268927, "goal": 0.37950491675928294, "auto": 0.7671311191378755}, "9": {"assistant": 0.048039143592665895, "goal": 0.393140057443115, "auto": 0.7867543763767999}, "10": {"assistant": 0.08082907936589183, "goal": 0.4194675233673813, "auto": 0.8042719939043395}, "11": {"assistant": 0.07214651632194434, "goal": 0.4331173648911633, "auto": 0.8208315562401525}, "12": {"assistant": 0.06975283656899309, "goal": 0.4289608567980924, "auto": 0.8367811647854888}, "13": {"assistant": 0.08467123776375944, "goal": 0.42192416003237077, "auto": 0.8491868371704798}, "14": {"assistant": 0.07270851722335933, "goal": 0.42700000809066974, "auto": 0.8616695826232772}, "15": {"assistant": 0.07131124101172838, "goal": 0.44147163923796234, "auto": 0.8743035789203878}, "16": {"assistant": 0.07204609867311301, "goal": 0.4511884724352241, "auto": 0.8852903031149526}, "17": {"assistant": 0.08325693793420386, "goal": 0.4748381067690133, "auto": 0.8947245652268618}, "18": {"assistant": 0.09867019318058455, "goal": 0.5033656668724821, "auto": 0.902180820211865}, "19": {"assistant": 0.1100189902849145, "goal": 0.514655142444429, "auto": 0.9112621097946659}, "20": {"assistant": 0.10593499724842417, "goal": 0.5112602463928638, "auto": 0.9179079034238873}, "21": {"assistant": 0.11552436089616386, "goal": 0.5127800351491857, "auto": 0.9248285120744414}, "22": {"assistant": 0.11270100264461946, "goal": 0.5012712561683516, "auto": 0.9307969067445744}, "23": {"assistant": 0.11371375741461195, "goal": 0.5046635086575523, "auto": 0.9358358601318174}, "24": {"assistant": 0.11121286517778643, "goal": 0.5013205804264429, "auto": 0.9422225048587434}, "25": {"assistant": 0.1116267725658302, "goal": 0.4994251492436774, "auto": 0.9465141905712967}, "26": {"assistant": 0.12270382425694115, "goal": 0.5146061057547996, "auto": 0.9516126492118329}, "27": {"assistant": 0.11789540758317384, "goal": 0.5179978013604907, "auto": 0.9551506505229481}, "28": {"assistant": 0.11569963780407316, "goal": 0.5197491702593037, "auto": 0.96009139774917}, "29": {"assistant": 0.1163362198967314, "goal": 0.5208206625774296, "auto": 0.9640739009518626}, "30": {"assistant": 0.12084365039992732, "goal": 0.5218744232984194, "auto": 0.9675923251244781}, "31": {"assistant": 0.12271750096418536, "goal": 0.5315465770375124, "auto": 0.9717920289475435}, "32": {"assistant": 0.11672398377575369, "goal": 0.5317548211472035, "auto": 0.9758211769132119}, "33": {"assistant": 0.11806712476893118, "goal": 0.5346796867646955, "auto": 0.9797192320998777}, "34": {"assistant": 0.12001025386589778, "goal": 0.5355084196373932, "auto": 0.9824003263121389}, "35": {"assistant": 0.12735533321204098, "goal": 0.5496396431095276, "auto": 0.9858646644259746}, "36": {"assistant": 0.12705208446961064, "goal": 0.5544533323695671, "auto": 0.9886753799090682}, "37": {"assistant": 0.12834877859765048, "goal": 0.5593108459026606, "auto": 0.9912743543105424}, "38": {"assistant": 0.12958309250700922, "goal": 0.560806624399544, "auto": 0.9931475317684545}, "39": {"assistant": 0.13623490065322325, "goal": 0.5591758175460688, "auto": 0.9946149780667598}, "40": {"assistant": 0.1325241467690087, "goal": 0.5660552429422436, "auto": 0.9959040099194091}, "41": {"assistant": 0.13445355113043927, "goal": 0.5720067652807155, "auto": 0.9966995627321165}, "42": {"assistant": 0.1367368645430835, "goal": 0.5739392684830782, "auto": 0.9976896988178363}, "43": {"assistant": 0.13457049184735484, "goal": 0.5700109407122774, "auto": 0.9984118699121811}, "44": {"assistant": 0.1362874429720787, "goal": 0.5801473508445285, "auto": 0.9990980322769352}, "45": {"assistant": 0.12821601516013184, "goal": 0.579166112610692, "auto": 0.99949978165512}, "46": {"assistant": 0.12739902639036627, "goal": 0.5771407880457575, "auto": 0.9999070096529402}, "47": {"assistant": 0.12447692271387935, "goal": 0.5736922512223175, "auto": 0.9999694916418549}, "48": {"assistant": 0.12432885944864676, "goal": 0.5735915679371093, "auto": 0.9999999999999999}, "49": {"assistant": 0.12432885944864676, "goal": 0.5735915679371093, "auto": 0.9999999999999999}, "50": {"assistant": 0.12432885944864676, "goal": 0.5735915679371093, "auto": 0.9999999999999999}}