{"GIM2t": {"1": {"assistant": 0.07224992127464701, "goal": 0.2851467205291516}, "2": {"assistant": 0.15449882160805953, "goal": 0.30462796342203896}, "3": {"assistant": 0.165602439643979, "goal": 0.3600027115008849}, "4": {"assistant": 0.18304163660154182, "goal": 0.40352175382616334}, "5": {"assistant": 0.2070988245334164, "goal": 0.41580114495331644}, "6": {"assistant": 0.20455592997575683, "goal": 0.4582460286804401}, "7": {"assistant": 0.20662733733999847, "goal": 0.46519545204613144}, "8": {"assistant": 0.19507754029783392, "goal": 0.4631980749982998}, "9": {"assistant": 0.2036143232802613, "goal": 0.45647638874500995}, "10": {"assistant": 0.23625724605529075, "goal": 0.491325598589742}, "11": {"assistant": 0.2372556309510181, "goal": 0.5085927184548762}, "12": {"assistant": 0.22779963514303553, "goal": 0.5069929468270604}, "13": {"assistant": 0.24087215307211732, "goal": 0.5209534078280866}, "14": {"assistant": 0.23351031236681183, "goal": 0.5234998767137838}, "15": {"assistant": 0.24420643549998744, "goal": 0.5199158268280749}, "16": {"assistant": 0.25251972677147355, "goal": 0.5296357111931774}, "17": {"assistant": 0.2582287562988256, "goal": 0.5552602970435554}, "18": {"assistant": 0.27786814274699745, "goal": 0.5894830298894312}, "19": {"assistant": 0.2962590860663222, "goal": 0.6000938457279619}, "20": {"assistant": 0.29765060318416753, "goal": 0.6058438518828655}, "21": {"assistant": 0.30392861848519237, "goal": 0.6129674906063367}, "22": {"assistant": 0.3001443711132156, "goal": 0.6110664730299491}, "23": {"assistant": 0.299408613717973, "goal": 0.6133874120991595}, "24": {"assistant": 0.3069565035733901, "goal": 0.6210480306105207}, "25": {"assistant": 0.31221457333567865, "goal": 0.6141769313178976}, "26": {"assistant": 0.3164451979809927, "goal": 0.626722653095666}, "27": {"assistant": 0.31957976190238774, "goal": 0.6324786227200608}, "28": {"assistant": 0.31535816800681826, "goal": 0.6361371970641231}, "29": {"assistant": 0.3241410012246424, "goal": 0.6425804139041633}, "30": {"assistant": 0.3209266681608668, "goal": 0.6364680017320308}, "31": {"assistant": 0.31583692613255665, "goal": 0.6404342552268799}, "32": {"assistant": 0.3150324667048351, "goal": 0.6457295248960548}, "33": {"assistant": 0.3156659661755876, "goal": 0.6473866042654002}, "34": {"assistant": 0.30977551098691575, "goal": 0.6409274768004597}, "35": {"assistant": 0.3119788949328596, "goal": 0.6500399261245402}, "36": {"assistant": 0.3168166754820554, "goal": 0.6589653761322235}, "37": {"assistant": 0.3159092626759895, "goal": 0.6642292037809616}, "38": {"assistant": 0.3146371347326138, "goal": 0.666983355289474}, "39": {"assistant": 0.3188937317730983, "goal": 0.6659093853754574}, "40": {"assistant": 0.3260327166432558, "goal": 0.6783798898112959}, "41": {"assistant": 0.32628742290086904, "goal": 0.6740967618983302}, "42": {"assistant": 0.33263127355890565, "goal": 0.6730722134713096}, "43": {"assistant": 0.3340345858135621, "goal": 0.6707544005204358}, "44": {"assistant": 0.33574070399913325, "goal": 0.6792096688380946}, "45": {"assistant": 0.3255711029962445, "goal": 0.6757451464418839}, "46": {"assistant": 0.32364708069515347, "goal": 0.6775671525154741}, "47": {"assistant": 0.32281185752000724, "goal": 0.6762143049715615}, "48": {"assistant": 0.32077944008735043, "goal": 0.6763228034031586}, "49": {"assistant": 0.32077944008735043, "goal": 0.6763228034031586}, "50": {"assistant": 0.32077944008735043, "goal": 0.6763228034031586}}, "EG": {"1": {"assistant": 0.24394344400304854, "goal": -0.10050123999355691}, "2": {"assistant": 0.1570911284477419, "goal": -0.05267509993036654}, "3": {"assistant": 0.15117190998733906, "goal": 0.011916927142467929}, "4": {"assistant": 0.1803960364818948, "goal": 0.023058836103610057}, "5": {"assistant": 0.20110435009692262, "goal": 0.061233379818931975}, "6": {"assistant": 0.20340589196826125, "goal": 0.0784452263170982}, "7": {"assistant": 0.21103277165012485, "goal": 0.09025062190938435}, "8": {"assistant": 0.22301366935082867, "goal": 0.0840235899041455}, "9": {"assistant": 0.23695445780196767, "goal": 0.08604398523266579}, "10": {"assistant": 0.2297796829626807, "goal": 0.07984917048623293}, "11": {"assistant": 0.2353491543203531, "goal": 0.07890539805237967}, "12": {"assistant": 0.24838761480990806, "goal": 0.08240669885826363}, "13": {"assistant": 0.26204057727019475, "goal": 0.08108981611695718}, "14": {"assistant": 0.26554050658980244, "goal": 0.08432274671034197}, "15": {"assistant": 0.26656664696230653, "goal": 0.09349244816386956}, "16": {"assistant": 0.2641248152825415, "goal": 0.09924355191118421}, "17": {"assistant": 0.27114029339784523, "goal": 0.10407141230703054}, "18": {"assistant": 0.2735192198655163, "goal": 0.10788627746535978}, "19": {"assistant": 0.28062266459750845, "goal": 0.11706028673029617}, "20": {"assistant": 0.28865613776034815, "goal": 0.12246208622747165}, "21": {"assistant": 0.29505484631132245, "goal": 0.1259813312422923}, "22": {"assistant": 0.2984271330382614, "goal": 0.1318287008183672}, "23": {"assistant": 0.30029784010027233, "goal": 0.1406398889083062}, "24": {"assistant": 0.30588829509863763, "goal": 0.1369964360904119}, "25": {"assistant": 0.31055538652285314, "goal": 0.14162920031336979}, "26": {"assistant": 0.32002543900826014, "goal": 0.14964934550881231}, "27": {"assistant": 0.32208423608084535, "goal": 0.15765573957434917}, "28": {"assistant": 0.3317512237373767, "goal": 0.16785501080946874}, "29": {"assistant": 0.34072459777035746, "goal": 0.17352016908764661}, "30": {"assistant": 0.3477983471499206, "goal": 0.17796963561600593}, "31": {"assistant": 0.35614487324639127, "goal": 0.18385205517756345}, "32": {"assistant": 0.3614775521069928, "goal": 0.18446463802946889}, "33": {"assistant": 0.3664879594404191, "goal": 0.18591924907613036}, "34": {"assistant": 0.37134348952912477, "goal": 0.1868633889639376}, "35": {"assistant": 0.3795483962086957, "goal": 0.18791230373377124}, "36": {"assistant": 0.3832622595507081, "goal": 0.1898219814252696}, "37": {"assistant": 0.39119388305858327, "goal": 0.1885235939175986}, "38": {"assistant": 0.39809675161587144, "goal": 0.19229645657069427}, "39": {"assistant": 0.4030219288480269, "goal": 0.19163665031446095}, "40": {"assistant": 0.41040276868048836, "goal": 0.19593644458408382}, "41": {"assistant": 0.41159765494527767, "goal": 0.19611664481001706}, "42": {"assistant": 0.41234554061962997, "goal": 0.19710317211419248}, "43": {"assistant": 0.415565959099624, "goal": 0.19716531693410538}, "44": {"assistant": 0.4168819729891727, "goal": 0.1961638974445561}, "45": {"assistant": 0.41842460954399974, "goal": 0.19669575203466583}, "46": {"assistant": 0.41753114711329076, "goal": 0.19715863603360884}, "47": {"assistant": 0.41919075977640097, "goal": 0.19699583149842678}, "48": {"assistant": 0.4203514362715671, "goal": 0.1977193166836578}, "49": {"assistant": 0.4203514362715671, "goal": 0.1977193166836578}, "50": {"assistant": 0.4203514362715671, "goal": 0.1977193166836578}}}