{"1": {"assistant": 0.11873107299930233, "goal": 0.23845215302919187, "auto": 0.3544386847204628}, "2": {"assistant": 0.17520925598665452, "goal": 0.3084538867284204, "auto": 0.46049041422868114}, "3": {"assistant": 0.1251260170777678, "goal": 0.3419855621496644, "auto": 0.5204772893257706}, "4": {"assistant": 0.1659858277288977, "goal": 0.4074957069728492, "auto": 0.5972251916010977}, "5": {"assistant": 0.17948346278319435, "goal": 0.42063918985781834, "auto": 0.6326795381493747}, "6": {"assistant": 0.19563323764854615, "goal": 0.46075160391335895, "auto": 0.6648651348298042}, "7": {"assistant": 0.2133503816873589, "goal": 0.46100850456813997, "auto": 0.6870906621009536}, "8": {"assistant": 0.1918222917515747, "goal": 0.4514436860971907, "auto": 0.717951760089428}, "9": {"assistant": 0.20291506307114904, "goal": 0.4530223741002323, "auto": 0.7414561578977011}, "10": {"assistant": 0.22646461090838318, "goal": 0.48440793481245664, "auto": 0.768735529950988}, "11": {"assistant": 0.21771478519538295, "goal": 0.48402647512397307, "auto": 0.7844431584931594}, "12": {"assistant": 0.21636067230185416, "goal": 0.48265109544350066, "auto": 0.8039802020999399}, "13": {"assistant": 0.21982066798281666, "goal": 0.48002480253952223, "auto": 0.8206614089158288}, "14": {"assistant": 0.20290021796615856, "goal": 0.47623064598732157, "auto": 0.8364104006263}, "15": {"assistant": 0.2142881124438329, "goal": 0.48102280844931466, "auto": 0.8513252279148256}, "16": {"assistant": 0.21842426074029195, "goal": 0.48749680416324853, "auto": 0.8616138907958546}, "17": {"assistant": 0.22789419661017005, "goal": 0.5190524947750633, "auto": 0.8741108005215912}, "18": {"assistant": 0.2438808152150507, "goal": 0.545050639620246, "auto": 0.8834724997505254}, "19": {"assistant": 0.2679907143569377, "goal": 0.5646846831930893, "auto": 0.8922446484923965}, "20": {"assistant": 0.26853877478218163, "goal": 0.5738580622079058, "auto": 0.9001340538054557}, "21": {"assistant": 0.2684905318426903, "goal": 0.5764823518290172, "auto": 0.9092005232907701}, "22": {"assistant": 0.26327145590974854, "goal": 0.5717695155445439, "auto": 0.9169999273883006}, "23": {"assistant": 0.26534422328757024, "goal": 0.5828983247559382, "auto": 0.9234865282283856}, "24": {"assistant": 0.26968341919212924, "goal": 0.5832039666264157, "auto": 0.9303803240117691}, "25": {"assistant": 0.2672071717010583, "goal": 0.5793984883051561, "auto": 0.935027797589846}, "26": {"assistant": 0.2786912884954001, "goal": 0.5902586980715654, "auto": 0.9409092536352832}, "27": {"assistant": 0.27369128460993775, "goal": 0.5936795512435873, "auto": 0.9461254149654418}, "28": {"assistant": 0.2769060335973148, "goal": 0.5987925902135942, "auto": 0.9526743189005812}, "29": {"assistant": 0.27351024199874013, "goal": 0.6046997608858732, "auto": 0.9568568254498094}, "30": {"assistant": 0.2814897548514858, "goal": 0.603432543732857, "auto": 0.9621156224000076}, "31": {"assistant": 0.2819898211261699, "goal": 0.6114885328809188, "auto": 0.9675404134222928}, "32": {"assistant": 0.27638703742794063, "goal": 0.6090637774683744, "auto": 0.9718050052932788}, "33": {"assistant": 0.2775468176786504, "goal": 0.6116661704102327, "auto": 0.9762358224467125}, "34": {"assistant": 0.2732090787531448, "goal": 0.6069938437375696, "auto": 0.9802363779989588}, "35": {"assistant": 0.2737101769801438, "goal": 0.6135059260646503, "auto": 0.9841496579967128}, "36": {"assistant": 0.27539234672728935, "goal": 0.6201021319434905, "auto": 0.9876291346816148}, "37": {"assistant": 0.28019795361912353, "goal": 0.6236633031925001, "auto": 0.9904093358791691}, "38": {"assistant": 0.2843727320282255, "goal": 0.6266107371487898, "auto": 0.9932244447244086}, "39": {"assistant": 0.28861047835878323, "goal": 0.6216735199025928, "auto": 0.9945391453889804}, "40": {"assistant": 0.29501196025736043, "goal": 0.6299094368163668, "auto": 0.9956120129962391}, "41": {"assistant": 0.2962530771232808, "goal": 0.6298579510067124, "auto": 0.9963124962873872}, "42": {"assistant": 0.3060609508447936, "goal": 0.6295661077020612, "auto": 0.9971457271547799}, "43": {"assistant": 0.3071792614772726, "goal": 0.6281424708001092, "auto": 0.9975947598267682}, "44": {"assistant": 0.31499884143635176, "goal": 0.6375113834085082, "auto": 0.9985569913840963}, "45": {"assistant": 0.3065010490554768, "goal": 0.6320251079490447, "auto": 0.9991426615894289}, "46": {"assistant": 0.3116759470062101, "goal": 0.6324575288144599, "auto": 0.9998614035579243}, "47": {"assistant": 0.31017723675707815, "goal": 0.6300309849839509, "auto": 0.9999498414402426}, "48": {"assistant": 0.3089874920365584, "goal": 0.6285604857646698, "auto": 1.0}, "49": {"assistant": 0.3089874920365584, "goal": 0.6285604857646698, "auto": 1.0}, "50": {"assistant": 0.3089874920365584, "goal": 0.6285604857646698, "auto": 1.0}}