{"1": {"assistant": 0.11873107299930233, "goal": 0.23845215302919187}, "2": {"assistant": 0.17520925598665452, "goal": 0.3084538867284204}, "3": {"assistant": 0.1251260170777678, "goal": 0.3419855621496644}, "4": {"assistant": 0.1659858277288977, "goal": 0.4074957069728492}, "5": {"assistant": 0.17948346278319435, "goal": 0.42063918985781834}, "6": {"assistant": 0.19563323764854615, "goal": 0.46075160391335895}, "7": {"assistant": 0.2133503816873589, "goal": 0.46100850456813997}, "8": {"assistant": 0.1918222917515747, "goal": 0.4514436860971907}, "9": {"assistant": 0.20291506307114904, "goal": 0.4530223741002323}, "10": {"assistant": 0.22646461090838318, "goal": 0.48440793481245664}, "11": {"assistant": 0.21771478519538295, "goal": 0.48402647512397307}, "12": {"assistant": 0.21636067230185416, "goal": 0.48265109544350066}, "13": {"assistant": 0.21982066798281666, "goal": 0.48002480253952223}, "14": {"assistant": 0.20290021796615856, "goal": 0.47623064598732157}, "15": {"assistant": 0.2142881124438329, "goal": 0.48102280844931466}, "16": {"assistant": 0.21842426074029195, "goal": 0.48749680416324853}, "17": {"assistant": 0.22789419661017005, "goal": 0.5190524947750633}, "18": {"assistant": 0.2438808152150507, "goal": 0.545050639620246}, "19": {"assistant": 0.2679907143569377, "goal": 0.5646846831930893}, "20": {"assistant": 0.26853877478218163, "goal": 0.5738580622079058}, "21": {"assistant": 0.2684905318426903, "goal": 0.5764823518290172}, "22": {"assistant": 0.26327145590974854, "goal": 0.5717695155445439}, "23": {"assistant": 0.26534422328757024, "goal": 0.5828983247559382}, "24": {"assistant": 0.26968341919212924, "goal": 0.5832039666264157}, "25": {"assistant": 0.2672071717010583, "goal": 0.5793984883051561}, "26": {"assistant": 0.2786912884954001, "goal": 0.5902586980715654}, "27": {"assistant": 0.27369128460993775, "goal": 0.5936795512435873}, "28": {"assistant": 0.2769060335973148, "goal": 0.5987925902135942}, "29": {"assistant": 0.27351024199874013, "goal": 0.6046997608858732}, "30": {"assistant": 0.2814897548514858, "goal": 0.603432543732857}, "31": {"assistant": 0.2819898211261699, "goal": 0.6114885328809188}, "32": {"assistant": 0.27638703742794063, "goal": 0.6090637774683744}, "33": {"assistant": 0.2775468176786504, "goal": 0.6116661704102327}, "34": {"assistant": 0.2732090787531448, "goal": 0.6069938437375696}, "35": {"assistant": 0.2737101769801438, "goal": 0.6135059260646503}, "36": {"assistant": 0.27539234672728935, "goal": 0.6201021319434905}, "37": {"assistant": 0.28019795361912353, "goal": 0.6236633031925001}, "38": {"assistant": 0.2843727320282255, "goal": 0.6266107371487898}, "39": {"assistant": 0.28861047835878323, "goal": 0.6216735199025928}, "40": {"assistant": 0.29501196025736043, "goal": 0.6299094368163668}, "41": {"assistant": 0.2962530771232808, "goal": 0.6298579510067124}, "42": {"assistant": 0.3060609508447936, "goal": 0.6295661077020612}, "43": {"assistant": 0.3071792614772726, "goal": 0.6281424708001092}, "44": {"assistant": 0.31499884143635176, "goal": 0.6375113834085082}, "45": {"assistant": 0.3065010490554768, "goal": 0.6320251079490447}, "46": {"assistant": 0.3116759470062101, "goal": 0.6324575288144599}, "47": {"assistant": 0.31017723675707815, "goal": 0.6300309849839509}, "48": {"assistant": 0.3089874920365584, "goal": 0.6285604857646698}, "49": {"assistant": 0.3089874920365584, "goal": 0.6285604857646698}, "50": {"assistant": 0.3089874920365584, "goal": 0.6285604857646698}}