{"1": {"assistant": 0.0029425120275407184, "goal": 0.10839320553509087}, "2": {"assistant": 0.061825519243238876, "goal": 0.22053469858802396}, "3": {"assistant": 0.10432265240757548, "goal": 0.27272410924759094}, "4": {"assistant": 0.12630819655260903, "goal": 0.29669365623712857}, "5": {"assistant": 0.13539478836385327, "goal": 0.3134660844207244}, "6": {"assistant": 0.12951107815724092, "goal": 0.34452829220585834}, "7": {"assistant": 0.14908283409635592, "goal": 0.3329115165493553}, "8": {"assistant": 0.13776626985971804, "goal": 0.32806726169741834}, "9": {"assistant": 0.14594822366059262, "goal": 0.3316650033669938}, "10": {"assistant": 0.168596033670588, "goal": 0.36782376498939234}, "11": {"assistant": 0.19407009563434036, "goal": 0.3803307830778556}, "12": {"assistant": 0.18910311626047194, "goal": 0.385909967965728}, "13": {"assistant": 0.18879189149689068, "goal": 0.4008966176881344}, "14": {"assistant": 0.17236380101899162, "goal": 0.4023225418705259}, "15": {"assistant": 0.16901275032580473, "goal": 0.4079473615100625}, "16": {"assistant": 0.1734006924188002, "goal": 0.4063876610152296}, "17": {"assistant": 0.16641094911159995, "goal": 0.42656475727414706}, "18": {"assistant": 0.17647555132844242, "goal": 0.44628190453797906}, "19": {"assistant": 0.18265441670270008, "goal": 0.45139395578650754}, "20": {"assistant": 0.17681137221858348, "goal": 0.45196964943064316}, "21": {"assistant": 0.18356747090830738, "goal": 0.4634967766216333}, "22": {"assistant": 0.18270146298591147, "goal": 0.4581982425393566}, "23": {"assistant": 0.17578304429524494, "goal": 0.45948179873696315}, "24": {"assistant": 0.1754574837840575, "goal": 0.4656607649742604}, "25": {"assistant": 0.18246253129472867, "goal": 0.4678981098217044}, "26": {"assistant": 0.18406427127017197, "goal": 0.47251146042959363}, "27": {"assistant": 0.1877463894576877, "goal": 0.4816850652291779}, "28": {"assistant": 0.18465658227143728, "goal": 0.48393491688954954}, "29": {"assistant": 0.18790164175503468, "goal": 0.49204937362681206}, "30": {"assistant": 0.19314760978047632, "goal": 0.49475944360407703}, "31": {"assistant": 0.19506414076550765, "goal": 0.4914971061974972}, "32": {"assistant": 0.1860093893734937, "goal": 0.49260266405200853}, "33": {"assistant": 0.18736091807928637, "goal": 0.500888547320601}, "34": {"assistant": 0.18247681952042819, "goal": 0.49869632650861595}, "35": {"assistant": 0.18846667752636084, "goal": 0.5092856958504481}, "36": {"assistant": 0.18905470345281297, "goal": 0.5138597012230822}, "37": {"assistant": 0.18784087322866852, "goal": 0.5214094107758248}, "38": {"assistant": 0.18881826140419444, "goal": 0.5227224627001168}, "39": {"assistant": 0.18395531000473966, "goal": 0.518404421185471}, "40": {"assistant": 0.18584211025558112, "goal": 0.5303819956005386}, "41": {"assistant": 0.18791280557721202, "goal": 0.5315572068734662}, "42": {"assistant": 0.19784475348247021, "goal": 0.5327913897839229}, "43": {"assistant": 0.19791320749839134, "goal": 0.5320161108599798}, "44": {"assistant": 0.20119202426606558, "goal": 0.5391215368391825}, "45": {"assistant": 0.1948642029837118, "goal": 0.5425018200653655}, "46": {"assistant": 0.19654815499943423, "goal": 0.5427571086232176}, "47": {"assistant": 0.196516058460826, "goal": 0.5404075240035373}, "48": {"assistant": 0.19497712477300883, "goal": 0.5394431495498733}, "49": {"assistant": 0.19497712477300883, "goal": 0.5394431495498733}, "50": {"assistant": 0.19497712477300883, "goal": 0.5394431495498733}}