{"1": {"assistant": -0.09632142815491038, "goal": 0.09402670302534583, "auto": -0.33119746904264896}, "2": {"assistant": -0.0239730623344711, "goal": 0.08103324301435658, "auto": -0.40877672192677117}, "3": {"assistant": 0.004490568031918169, "goal": 0.1248326116552649, "auto": -0.4809181592329539}, "4": {"assistant": 0.011319877637218255, "goal": 0.16810454575285882, "auto": -0.5497014698567406}, "5": {"assistant": 0.0075244887811471905, "goal": 0.18309620735459628, "auto": -0.5907880058006844}, "6": {"assistant": 0.010960628145067961, "goal": 0.21639512670485314, "auto": -0.6163803513527604}, "7": {"assistant": -0.014461539287486508, "goal": 0.20334949527632834, "auto": -0.6433652911766407}, "8": {"assistant": -0.02602910993177016, "goal": 0.20370085056479778, "auto": -0.669336323452995}, "9": {"assistant": -0.008928588371469214, "goal": 0.21290316544257432, "auto": -0.6861825905319401}, "10": {"assistant": 0.006310113099497071, "goal": 0.23368837061044612, "auto": -0.7036631570015365}, "11": {"assistant": 0.005132233532485414, "goal": 0.24864500877054366, "auto": -0.7196756313168144}, "12": {"assistant": 0.003992908568212391, "goal": 0.23575133373177373, "auto": -0.7348875512694251}, "13": {"assistant": 0.01839177031854732, "goal": 0.23065034662608533, "auto": -0.7479260873867342}, "14": {"assistant": 0.003033861631361663, "goal": 0.24464967039773164, "auto": -0.7583221050963095}, "15": {"assistant": -0.0063743304723137845, "goal": 0.2675653138301695, "auto": -0.7721816984151858}, "16": {"assistant": -0.002727179708277456, "goal": 0.28152787138242386, "auto": -0.7809903149688322}, "17": {"assistant": 0.00832454406132264, "goal": 0.30054957908996893, "auto": -0.7902447772187164}, "18": {"assistant": 0.018987795184196472, "goal": 0.32959577417084746, "auto": -0.7997987288714166}, "19": {"assistant": 0.03388036287733691, "goal": 0.3442852824643026, "auto": -0.8096972995912266}, "20": {"assistant": 0.026658745889997313, "goal": 0.3417628201986415, "auto": -0.8157934793339574}, "21": {"assistant": 0.03366774211869659, "goal": 0.3362175003947037, "auto": -0.8234929060885103}, "22": {"assistant": 0.030203675341417522, "goal": 0.31991119692883846, "auto": -0.8298826931738904}, "23": {"assistant": 0.022540496182440653, "goal": 0.31935650220532863, "auto": -0.8353171765997796}, "24": {"assistant": 0.02075914972828386, "goal": 0.31366243931440635, "auto": -0.8407109113045286}, "25": {"assistant": 0.019330779305228953, "goal": 0.31184956325080904, "auto": -0.845265977956445}, "26": {"assistant": 0.028427070905638306, "goal": 0.3250933066309872, "auto": -0.8512747542246359}, "27": {"assistant": 0.020524871980470188, "goal": 0.32717035128988786, "auto": -0.8554432694061793}, "28": {"assistant": 0.012949391523365583, "goal": 0.319451202393269, "auto": -0.85979172461905}, "29": {"assistant": 0.015769393160098805, "goal": 0.3217475815410873, "auto": -0.8647168369629605}, "30": {"assistant": 0.015583553348571883, "goal": 0.3198937630656508, "auto": -0.8681033695096713}, "31": {"assistant": 0.016641587048683744, "goal": 0.32634197077025107, "auto": -0.8720141409807098}, "32": {"assistant": 0.005873135611894356, "goal": 0.3218526589034407, "auto": -0.875162393869233}, "33": {"assistant": 0.010936255702339585, "goal": 0.32634576807096644, "auto": -0.8784449405651261}, "34": {"assistant": 0.013710314923040484, "goal": 0.32629421238025424, "auto": -0.8815371154939416}, "35": {"assistant": 0.027603974459311502, "goal": 0.34181533237964296, "auto": -0.8847290874443103}, "36": {"assistant": 0.030759998908262025, "goal": 0.355755410567298, "auto": -0.8872624655228217}, "37": {"assistant": 0.028113164135363168, "goal": 0.35727828223687097, "auto": -0.8888268044935763}, "38": {"assistant": 0.02554577473636031, "goal": 0.35483984741803387, "auto": -0.8906155275361228}, "39": {"assistant": 0.03616176926596742, "goal": 0.35383972537293445, "auto": -0.8917450195180331}, "40": {"assistant": 0.03785028379224642, "goal": 0.363735456687138, "auto": -0.892626921574786}, "41": {"assistant": 0.03995215456237887, "goal": 0.36937047132716405, "auto": -0.8933514529979676}, "42": {"assistant": 0.04635461281502014, "goal": 0.3721679146706591, "auto": -0.8938083028923385}, "43": {"assistant": 0.045241644882786626, "goal": 0.3731248630506017, "auto": -0.8942184624725383}, "44": {"assistant": 0.04512827051396433, "goal": 0.3830950793082105, "auto": -0.8950071476882049}, "45": {"assistant": 0.03925211193264986, "goal": 0.38165105034404045, "auto": -0.8948690923184786}, "46": {"assistant": 0.04050784149129854, "goal": 0.38130769917698704, "auto": -0.8954117154232355}, "47": {"assistant": 0.03884383860143148, "goal": 0.3763588917995717, "auto": -0.8951693158201068}, "48": {"assistant": 0.03963670858494484, "goal": 0.3767203907171821, "auto": -0.8951966908189263}, "49": {"assistant": 0.03963670858494484, "goal": 0.3767203907171821, "auto": -0.8951966908189263}, "50": {"assistant": 0.03963670858494484, "goal": 0.3767203907171821, "auto": -0.8951966908189263}}