{"1": {"assistant": -0.043206177943394895, "goal": 0.21008162817937484, "auto": 0.43280966202770776}, "2": {"assistant": 0.01448971411971877, "goal": 0.23285811928829048, "auto": 0.52940039378435}, "3": {"assistant": 0.03546984711277809, "goal": 0.30126174110564824, "auto": 0.6015801574181586}, "4": {"assistant": 0.041650605420279624, "goal": 0.33231998014669534, "auto": 0.6581896033133079}, "5": {"assistant": 0.07181597276248655, "goal": 0.3685862645211091, "auto": 0.699918300644432}, "6": {"assistant": 0.06260746219458231, "goal": 0.399531423801044, "auto": 0.7254384970976865}, "7": {"assistant": 0.05226434336425988, "goal": 0.4004823219766529, "auto": 0.7534264669322898}, "8": {"assistant": 0.041533970792973475, "goal": 0.4029963016267281, "auto": 0.7764646678481316}, "9": {"assistant": 0.06527273588078224, "goal": 0.41882545664112486, "auto": 0.7950028303846796}, "10": {"assistant": 0.09574189275981643, "goal": 0.44408778616713396, "auto": 0.8128102181608717}, "11": {"assistant": 0.08334423526503418, "goal": 0.45366899181855175, "auto": 0.8274169259296338}, "12": {"assistant": 0.07923209118524165, "goal": 0.44920112321331374, "auto": 0.8419518390233218}, "13": {"assistant": 0.09462989473738645, "goal": 0.44582200531847843, "auto": 0.8532812919709909}, "14": {"assistant": 0.08256625113055362, "goal": 0.4507769685302962, "auto": 0.8636498624763018}, "15": {"assistant": 0.07824682337237833, "goal": 0.4646575644483103, "auto": 0.8752468905250704}, "16": {"assistant": 0.08202077356800848, "goal": 0.47689054103207207, "auto": 0.8857069271909309}, "17": {"assistant": 0.0940311610739533, "goal": 0.4992460515726054, "auto": 0.8939656002219117}, "18": {"assistant": 0.10796283880596262, "goal": 0.5271332619327119, "auto": 0.9005841506120452}, "19": {"assistant": 0.12150171924576779, "goal": 0.5413787129290661, "auto": 0.9083858427169043}, "20": {"assistant": 0.11977624113683874, "goal": 0.5369546140606212, "auto": 0.9144608168650901}, "21": {"assistant": 0.1287629139801914, "goal": 0.5378845728292243, "auto": 0.9213558475238013}, "22": {"assistant": 0.12616560855692815, "goal": 0.5275566040342645, "auto": 0.9270580397243726}, "23": {"assistant": 0.126249225746853, "goal": 0.5303303903074179, "auto": 0.9320181366967173}, "24": {"assistant": 0.12436935121939999, "goal": 0.5267678594880583, "auto": 0.9378019268761024}, "25": {"assistant": 0.12544073240263096, "goal": 0.5236848231657784, "auto": 0.941746225650489}, "26": {"assistant": 0.13843130778165094, "goal": 0.5390815405755961, "auto": 0.9467128251083816}, "27": {"assistant": 0.13320772321733826, "goal": 0.5440360398357337, "auto": 0.9500084689942897}, "28": {"assistant": 0.13020904917146495, "goal": 0.545299819542154, "auto": 0.9547139392066258}, "29": {"assistant": 0.13081544430852887, "goal": 0.5496385930806952, "auto": 0.9584683097738174}, "30": {"assistant": 0.13479698319441763, "goal": 0.5500485332642915, "auto": 0.9615076413434949}, "31": {"assistant": 0.1361693350260096, "goal": 0.560247725128868, "auto": 0.9658070539145621}, "32": {"assistant": 0.1307541719455149, "goal": 0.5626980802926308, "auto": 0.9694964128518482}, "33": {"assistant": 0.13309698756329583, "goal": 0.5652883421501861, "auto": 0.9729414314207746}, "34": {"assistant": 0.13820502285888042, "goal": 0.5673459702165631, "auto": 0.9754214616068277}, "35": {"assistant": 0.14517610879806347, "goal": 0.5800529335725956, "auto": 0.9789781842634251}, "36": {"assistant": 0.14408278254908957, "goal": 0.5872809296556468, "auto": 0.9816903224580931}, "37": {"assistant": 0.14585518844284867, "goal": 0.5907916109001127, "auto": 0.9843510549178036}, "38": {"assistant": 0.14680075573350315, "goal": 0.5930557070530783, "auto": 0.9861499056682778}, "39": {"assistant": 0.15365981230762582, "goal": 0.5914556395921433, "auto": 0.9876361071900654}, "40": {"assistant": 0.15092043744350006, "goal": 0.5967668746175818, "auto": 0.9889655190282812}, "41": {"assistant": 0.15252018263161798, "goal": 0.60196001583338, "auto": 0.989660253951493}, "42": {"assistant": 0.15882803976388327, "goal": 0.6051989955384434, "auto": 0.9905740238519075}, "43": {"assistant": 0.1556196091547021, "goal": 0.6018735219341127, "auto": 0.9912466734037859}, "44": {"assistant": 0.15580886284305606, "goal": 0.6114152297362647, "auto": 0.9919788497397517}, "45": {"assistant": 0.15247664494084143, "goal": 0.6112822995985612, "auto": 0.9924184907602177}, "46": {"assistant": 0.15172919391433695, "goal": 0.6111162590309198, "auto": 0.9928302247275351}, "47": {"assistant": 0.14884056721124808, "goal": 0.6076807842316562, "auto": 0.9928992858971479}, "48": {"assistant": 0.14861152270678402, "goal": 0.6075380379538331, "auto": 0.9929415619581292}, "49": {"assistant": 0.14861152270678402, "goal": 0.6075380379538331, "auto": 0.9929415619581292}, "50": {"assistant": 0.14861152270678402, "goal": 0.6075380379538331, "auto": 0.9929415619581292}}