{"1": {"assistant": 0.09904240513071068, "goal": 0.21216993673471676, "auto": 0.35828510206511216}, "2": {"assistant": 0.16013050145955512, "goal": 0.24382390569358933, "auto": 0.46311826129680944}, "3": {"assistant": 0.16150123045077877, "goal": 0.29927223152801774, "auto": 0.5225561405475001}, "4": {"assistant": 0.24292488431592088, "goal": 0.37538289479679876, "auto": 0.5995450103125922}, "5": {"assistant": 0.25239364601565145, "goal": 0.4051907685462603, "auto": 0.6341417262867018}, "6": {"assistant": 0.264377835982162, "goal": 0.44535847852146276, "auto": 0.6661615588942614}, "7": {"assistant": 0.262676916484856, "goal": 0.4627185749685872, "auto": 0.6883579672719325}, "8": {"assistant": 0.2548506292924656, "goal": 0.4627595713247874, "auto": 0.718322904294334}, "9": {"assistant": 0.2683927753941697, "goal": 0.4798213647219732, "auto": 0.7416688284882267}, "10": {"assistant": 0.2750606043084202, "goal": 0.49664847756082914, "auto": 0.7686603707657005}, "11": {"assistant": 0.2846463437667606, "goal": 0.5053697584153954, "auto": 0.7842108688132604}, "12": {"assistant": 0.29285616974639206, "goal": 0.5095891627931656, "auto": 0.8040079327851908}, "13": {"assistant": 0.2992973558801914, "goal": 0.5247287010838362, "auto": 0.820691836274081}, "14": {"assistant": 0.29440716129945094, "goal": 0.5354313730461454, "auto": 0.8363972301368562}, "15": {"assistant": 0.3077161644543822, "goal": 0.5358664972157791, "auto": 0.8511534369459667}, "16": {"assistant": 0.31218449961602884, "goal": 0.5460949928628308, "auto": 0.8614313679187409}, "17": {"assistant": 0.31838174887738596, "goal": 0.5593269625217718, "auto": 0.8740669333979427}, "18": {"assistant": 0.33401163027403674, "goal": 0.5703998980842826, "auto": 0.8834877561493737}, "19": {"assistant": 0.3469105331445381, "goal": 0.5859343534995077, "auto": 0.8922044025377683}, "20": {"assistant": 0.3486519664312743, "goal": 0.5981153901062279, "auto": 0.8999010408894529}, "21": {"assistant": 0.34615214992662063, "goal": 0.5943747458242757, "auto": 0.9090239737387115}, "22": {"assistant": 0.35240527840474867, "goal": 0.5914725434252502, "auto": 0.9167474546681379}, "23": {"assistant": 0.35644962815990494, "goal": 0.604179805050566, "auto": 0.9232574600488983}, "24": {"assistant": 0.35902888090444524, "goal": 0.6051778275714619, "auto": 0.9300575762606191}, "25": {"assistant": 0.3565743889250251, "goal": 0.6078516914153125, "auto": 0.9347492003736854}, "26": {"assistant": 0.35843696429025673, "goal": 0.6197611653891668, "auto": 0.940536032367627}, "27": {"assistant": 0.3569957654793113, "goal": 0.6271183814749818, "auto": 0.9457421313089196}, "28": {"assistant": 0.3600087831454352, "goal": 0.6287882760175602, "auto": 0.9522404259301644}, "29": {"assistant": 0.36077579260586173, "goal": 0.6252282825686394, "auto": 0.9564058374897633}, "30": {"assistant": 0.36387248445452786, "goal": 0.622888313071896, "auto": 0.9616994712137715}, "31": {"assistant": 0.3644603237404312, "goal": 0.6383500123987439, "auto": 0.9669441610340639}, "32": {"assistant": 0.36190542493053035, "goal": 0.6388855929429696, "auto": 0.9711907704099388}, "33": {"assistant": 0.3617112810008639, "goal": 0.6439993894636157, "auto": 0.9755863044577042}, "34": {"assistant": 0.36172323731176237, "goal": 0.6438250219298299, "auto": 0.9795442234022554}, "35": {"assistant": 0.3578090612912118, "goal": 0.6455409620936502, "auto": 0.9834451408010987}, "36": {"assistant": 0.3579668964221732, "goal": 0.6455855074298008, "auto": 0.9869120151823614}, "37": {"assistant": 0.3618494349711251, "goal": 0.6411673863614492, "auto": 0.9896849862424769}, "38": {"assistant": 0.36109021873253594, "goal": 0.6470169260894344, "auto": 0.9924982195338785}, "39": {"assistant": 0.3618061343673466, "goal": 0.6448596516810657, "auto": 0.9938125080167465}, "40": {"assistant": 0.36371766499168895, "goal": 0.6494252973213234, "auto": 0.9948852005868517}, "41": {"assistant": 0.3633762448588328, "goal": 0.6495046614960828, "auto": 0.9955857595335063}, "42": {"assistant": 0.36733045866752057, "goal": 0.6493821611867994, "auto": 0.9964187040098013}, "43": {"assistant": 0.3679625990975046, "goal": 0.6481010514314592, "auto": 0.9968664241117219}, "44": {"assistant": 0.37136179220524773, "goal": 0.6528819306621808, "auto": 0.9978279814957162}, "45": {"assistant": 0.3660191771020581, "goal": 0.6492020713744121, "auto": 0.9984127621223732}, "46": {"assistant": 0.36830720588697274, "goal": 0.6495938341898434, "auto": 0.9991302797261374}, "47": {"assistant": 0.3674112803415814, "goal": 0.6484854824297324, "auto": 0.999218583441719}, "48": {"assistant": 0.36673292261394386, "goal": 0.647745789115325, "auto": 0.9992688063119176}, "49": {"assistant": 0.36673292261394386, "goal": 0.647745789115325, "auto": 0.9992688063119176}, "50": {"assistant": 0.36673292261394386, "goal": 0.647745789115325, "auto": 0.9992688063119176}}