{"1": {"assistant": 0.07224992127464701, "goal": 0.2851467205291516}, "2": {"assistant": 0.15449882160805953, "goal": 0.30462796342203896}, "3": {"assistant": 0.165602439643979, "goal": 0.3600027115008849}, "4": {"assistant": 0.18304163660154182, "goal": 0.40352175382616334}, "5": {"assistant": 0.2070988245334164, "goal": 0.41580114495331644}, "6": {"assistant": 0.20455592997575683, "goal": 0.4582460286804401}, "7": {"assistant": 0.20662733733999847, "goal": 0.46519545204613144}, "8": {"assistant": 0.19507754029783392, "goal": 0.4631980749982998}, "9": {"assistant": 0.2036143232802613, "goal": 0.45647638874500995}, "10": {"assistant": 0.23625724605529075, "goal": 0.491325598589742}, "11": {"assistant": 0.2372556309510181, "goal": 0.5085927184548762}, "12": {"assistant": 0.22779963514303553, "goal": 0.5069929468270604}, "13": {"assistant": 0.24087215307211732, "goal": 0.5209534078280866}, "14": {"assistant": 0.23351031236681183, "goal": 0.5234998767137838}, "15": {"assistant": 0.24420643549998744, "goal": 0.5199158268280749}, "16": {"assistant": 0.25251972677147355, "goal": 0.5296357111931774}, "17": {"assistant": 0.2582287562988256, "goal": 0.5552602970435554}, "18": {"assistant": 0.27786814274699745, "goal": 0.5894830298894312}, "19": {"assistant": 0.2962590860663222, "goal": 0.6000938457279619}, "20": {"assistant": 0.29765060318416753, "goal": 0.6058438518828655}, "21": {"assistant": 0.30392861848519237, "goal": 0.6129674906063367}, "22": {"assistant": 0.3001443711132156, "goal": 0.6110664730299491}, "23": {"assistant": 0.299408613717973, "goal": 0.6133874120991595}, "24": {"assistant": 0.3069565035733901, "goal": 0.6210480306105207}, "25": {"assistant": 0.31221457333567865, "goal": 0.6141769313178976}, "26": {"assistant": 0.3164451979809927, "goal": 0.626722653095666}, "27": {"assistant": 0.31957976190238774, "goal": 0.6324786227200608}, "28": {"assistant": 0.31535816800681826, "goal": 0.6361371970641231}, "29": {"assistant": 0.3241410012246424, "goal": 0.6425804139041633}, "30": {"assistant": 0.3209266681608668, "goal": 0.6364680017320308}, "31": {"assistant": 0.31583692613255665, "goal": 0.6404342552268799}, "32": {"assistant": 0.3150324667048351, "goal": 0.6457295248960548}, "33": {"assistant": 0.3156659661755876, "goal": 0.6473866042654002}, "34": {"assistant": 0.30977551098691575, "goal": 0.6409274768004597}, "35": {"assistant": 0.3119788949328596, "goal": 0.6500399261245402}, "36": {"assistant": 0.3168166754820554, "goal": 0.6589653761322235}, "37": {"assistant": 0.3159092626759895, "goal": 0.6642292037809616}, "38": {"assistant": 0.3146371347326138, "goal": 0.666983355289474}, "39": {"assistant": 0.3188937317730983, "goal": 0.6659093853754574}, "40": {"assistant": 0.3260327166432558, "goal": 0.6783798898112959}, "41": {"assistant": 0.32628742290086904, "goal": 0.6740967618983302}, "42": {"assistant": 0.33263127355890565, "goal": 0.6730722134713096}, "43": {"assistant": 0.3340345858135621, "goal": 0.6707544005204358}, "44": {"assistant": 0.33574070399913325, "goal": 0.6792096688380946}, "45": {"assistant": 0.3255711029962445, "goal": 0.6757451464418839}, "46": {"assistant": 0.32364708069515347, "goal": 0.6775671525154741}, "47": {"assistant": 0.32281185752000724, "goal": 0.6762143049715615}, "48": {"assistant": 0.32077944008735043, "goal": 0.6763228034031586}, "49": {"assistant": 0.32077944008735043, "goal": 0.6763228034031586}, "50": {"assistant": 0.32077944008735043, "goal": 0.6763228034031586}}