{"1": {"assistant": 0.0004184440925911306, "goal": 0.24739259508463682, "auto": 0.32238592626279533}, "2": {"assistant": 0.04127860426964539, "goal": 0.2825707001397725, "auto": 0.4599048855277897}, "3": {"assistant": 0.17958781475186478, "goal": 0.3595461165830647, "auto": 0.5366693664501528}, "4": {"assistant": 0.11897439515262659, "goal": 0.35708104210846114, "auto": 0.5965994449483571}, "5": {"assistant": 0.12946001313065755, "goal": 0.35680698883630335, "auto": 0.6353629961831351}, "6": {"assistant": 0.14735518045537127, "goal": 0.4188116441930439, "auto": 0.6676510844612292}, "7": {"assistant": 0.133588952512306, "goal": 0.4247038930801757, "auto": 0.6945165423543566}, "8": {"assistant": 0.21409127550562154, "goal": 0.41955946172626013, "auto": 0.7196229524736197}, "9": {"assistant": 0.24096918702957323, "goal": 0.4380259451233292, "auto": 0.7458246027062567}, "10": {"assistant": 0.2818677956907567, "goal": 0.5152220523552834, "auto": 0.7662664613165083}, "11": {"assistant": 0.32331109450584045, "goal": 0.5529387022580029, "auto": 0.7846905134000798}, "12": {"assistant": 0.3838695675940505, "goal": 0.5475473421546642, "auto": 0.8044893461904037}, "13": {"assistant": 0.4189447652111057, "goal": 0.5626286256120284, "auto": 0.8196290905990901}, "14": {"assistant": 0.43282424711617923, "goal": 0.5620992726811006, "auto": 0.8337711904893493}, "15": {"assistant": 0.4438117817492662, "goal": 0.565065583929613, "auto": 0.8476232363747194}, "16": {"assistant": 0.4652507452298142, "goal": 0.5880092564503863, "auto": 0.8595450556201386}, "17": {"assistant": 0.4639041495205449, "goal": 0.6134436578004399, "auto": 0.8716055600071979}, "18": {"assistant": 0.4697535916670133, "goal": 0.6587454749657325, "auto": 0.8816077735639459}, "19": {"assistant": 0.48424861685932286, "goal": 0.6789472266392109, "auto": 0.8886528451955942}, "20": {"assistant": 0.5007256125793875, "goal": 0.6821621681304958, "auto": 0.8951619204538604}, "21": {"assistant": 0.4859925339110033, "goal": 0.686612332989023, "auto": 0.9041064640162282}, "22": {"assistant": 0.4977618708441144, "goal": 0.6863412549438382, "auto": 0.9131637053347399}, "23": {"assistant": 0.4939710253866397, "goal": 0.6891927436848617, "auto": 0.9193376815995669}, "24": {"assistant": 0.5018011071998109, "goal": 0.6986962436101752, "auto": 0.9268262694937662}, "25": {"assistant": 0.5094553204310884, "goal": 0.6905722039330643, "auto": 0.9338017970490999}, "26": {"assistant": 0.5010060885438854, "goal": 0.7095270398172898, "auto": 0.9398243508010438}, "27": {"assistant": 0.5090488278046795, "goal": 0.721234001941987, "auto": 0.9462662322737925}, "28": {"assistant": 0.5088842351757416, "goal": 0.7265707997595605, "auto": 0.9525557988402941}, "29": {"assistant": 0.5273638847190305, "goal": 0.7265642206201336, "auto": 0.9580478206694587}, "30": {"assistant": 0.5341403676806359, "goal": 0.7300377414769148, "auto": 0.9624353697318956}, "31": {"assistant": 0.5313261728261378, "goal": 0.7290518886673965, "auto": 0.9686865372237107}, "32": {"assistant": 0.5309628288393637, "goal": 0.7305297388606257, "auto": 0.9730771983688831}, "33": {"assistant": 0.5476617330164174, "goal": 0.7424405255188847, "auto": 0.9778364269243636}, "34": {"assistant": 0.5513742549543402, "goal": 0.7484160923760911, "auto": 0.9820287562976914}, "35": {"assistant": 0.5570108035925652, "goal": 0.7684389171498299, "auto": 0.9856337374930293}, "36": {"assistant": 0.5663951777912132, "goal": 0.7807326880683786, "auto": 0.9887418987313009}, "37": {"assistant": 0.5657917164614368, "goal": 0.7849534373038075, "auto": 0.9914505381858106}, "38": {"assistant": 0.5708256998229037, "goal": 0.7926441659425753, "auto": 0.9938333541934232}, "39": {"assistant": 0.5787200991429949, "goal": 0.8015591397829263, "auto": 0.9949674805239872}, "40": {"assistant": 0.580825834808985, "goal": 0.8133602914530512, "auto": 0.9960106285328826}, "41": {"assistant": 0.5829820767829946, "goal": 0.8187214937890279, "auto": 0.996828858293755}, "42": {"assistant": 0.5922973569855146, "goal": 0.8228669327783382, "auto": 0.997547509602789}, "43": {"assistant": 0.5865976551827735, "goal": 0.8252921092514346, "auto": 0.9981533355747525}, "44": {"assistant": 0.5886958906804131, "goal": 0.8261553112150508, "auto": 0.9988788479047338}, "45": {"assistant": 0.5840397104984165, "goal": 0.8271621786981861, "auto": 0.9993664183022972}, "46": {"assistant": 0.5883668528769466, "goal": 0.8353805404676973, "auto": 0.9999300626367399}, "47": {"assistant": 0.588614913413475, "goal": 0.8330768129262892, "auto": 0.9999659895822477}, "48": {"assistant": 0.5880576497612967, "goal": 0.8324115765716202, "auto": 1.0}, "49": {"assistant": 0.5880576497612967, "goal": 0.8324115765716202, "auto": 1.0}, "50": {"assistant": 0.5880576497612967, "goal": 0.8324115765716202, "auto": 1.0}}