{"1": {"assistant": 0.17008451338167063, "goal": 0.16258276367975266}, "2": {"assistant": 0.07779867695791508, "goal": 0.10456723314132675}, "3": {"assistant": 0.1345628482223416, "goal": 0.1214703538269112}, "4": {"assistant": 0.09072670113332894, "goal": 0.13531810982025896}, "5": {"assistant": 0.09926249071987603, "goal": 0.13879775276974027}, "6": {"assistant": 0.14250368549231662, "goal": 0.14132379268862477}, "7": {"assistant": 0.15444244131279436, "goal": 0.1437796898151889}, "8": {"assistant": 0.21843543214164965, "goal": 0.16547975753455876}, "9": {"assistant": 0.24797940280214495, "goal": 0.17783144015304303}, "10": {"assistant": 0.25686030835700374, "goal": 0.17330105635808632}, "11": {"assistant": 0.28816644338288183, "goal": 0.15639713339124772}, "12": {"assistant": 0.3156383230993235, "goal": 0.11476294034365371}, "13": {"assistant": 0.34635453733413957, "goal": 0.10747250370149555}, "14": {"assistant": 0.35974635727558923, "goal": 0.08660358856755014}, "15": {"assistant": 0.3581757173132216, "goal": 0.06984791770882509}, "16": {"assistant": 0.3641862097883611, "goal": 0.07160396364672081}, "17": {"assistant": 0.3508130158214289, "goal": 0.08297173124137061}, "18": {"assistant": 0.34842677433169894, "goal": 0.08688130712844308}, "19": {"assistant": 0.37511127848445575, "goal": 0.10304483710036941}, "20": {"assistant": 0.3825798163522639, "goal": 0.09225738977774915}, "21": {"assistant": 0.38537902164736443, "goal": 0.08545134288842317}, "22": {"assistant": 0.38478326726439405, "goal": 0.08545443763145603}, "23": {"assistant": 0.38501758401007474, "goal": 0.09208015718280102}, "24": {"assistant": 0.3844647491246264, "goal": 0.09598114093498408}, "25": {"assistant": 0.3823558077961395, "goal": 0.0958691444050584}, "26": {"assistant": 0.37939111030845923, "goal": 0.09453154854898138}, "27": {"assistant": 0.3832656016170461, "goal": 0.08202310582080045}, "28": {"assistant": 0.3785132015864458, "goal": 0.0825399359283093}, "29": {"assistant": 0.38732259949477227, "goal": 0.08790279413066249}, "30": {"assistant": 0.41543208335632875, "goal": 0.10091868083638633}, "31": {"assistant": 0.4150826934026261, "goal": 0.108370921036323}, "32": {"assistant": 0.42070577519472946, "goal": 0.10657019758284049}, "33": {"assistant": 0.4316441260343817, "goal": 0.10288961751970871}, "34": {"assistant": 0.4411624437740308, "goal": 0.11514774934764055}, "35": {"assistant": 0.45388430174171474, "goal": 0.114018853318151}, "36": {"assistant": 0.46243886275643664, "goal": 0.11989983677448991}, "37": {"assistant": 0.46168442964746775, "goal": 0.11609380160031452}, "38": {"assistant": 0.4610289391816454, "goal": 0.12176205540074067}, "39": {"assistant": 0.46236112321246503, "goal": 0.1040450074092334}, "40": {"assistant": 0.46814279299378725, "goal": 0.1090211372745189}, "41": {"assistant": 0.47148617926049136, "goal": 0.10834045813840044}, "42": {"assistant": 0.4789386048279608, "goal": 0.10841892202451839}, "43": {"assistant": 0.49269333919120745, "goal": 0.10520877262327245}, "44": {"assistant": 0.49347874197674413, "goal": 0.10697510234893248}, "45": {"assistant": 0.496564659475194, "goal": 0.10756578948872478}, "46": {"assistant": 0.49598396838959663, "goal": 0.10921993656935078}, "47": {"assistant": 0.4940673261190453, "goal": 0.11184811766882514}, "48": {"assistant": 0.4931629888038607, "goal": 0.112098338405959}, "49": {"assistant": 0.4931629888038607, "goal": 0.112098338405959}, "50": {"assistant": 0.4931629888038607, "goal": 0.112098338405959}}