{"1": {"assistant": 0.002319456842947007, "goal": 0.24116927159942547}, "2": {"assistant": 0.1472164169280886, "goal": 0.2842697777691853}, "3": {"assistant": 0.19300852283368386, "goal": 0.35399315810842813}, "4": {"assistant": 0.1528810378833609, "goal": 0.3711474160181838}, "5": {"assistant": 0.1533066342804862, "goal": 0.372623535710541}, "6": {"assistant": 0.16216835533247498, "goal": 0.43378016917834683}, "7": {"assistant": 0.16897306369857767, "goal": 0.4399989510152144}, "8": {"assistant": 0.15441571336282575, "goal": 0.44280750065028746}, "9": {"assistant": 0.177556516245931, "goal": 0.4602020716094217}, "10": {"assistant": 0.24480640071312781, "goal": 0.5328595697348608}, "11": {"assistant": 0.2565029218770438, "goal": 0.5639833080367025}, "12": {"assistant": 0.2603232396523515, "goal": 0.555204301406154}, "13": {"assistant": 0.2989899964364948, "goal": 0.5704261361923813}, "14": {"assistant": 0.30597920992090055, "goal": 0.5654275906908709}, "15": {"assistant": 0.3222168154866917, "goal": 0.5615150976578813}, "16": {"assistant": 0.334716788619438, "goal": 0.585842358518167}, "17": {"assistant": 0.3364498479511758, "goal": 0.6076412183409843}, "18": {"assistant": 0.36643763899435644, "goal": 0.6528072999322275}, "19": {"assistant": 0.3899485487481235, "goal": 0.670084505965512}, "20": {"assistant": 0.3900706768446353, "goal": 0.6741199744269774}, "21": {"assistant": 0.39083860495702977, "goal": 0.6764508013883177}, "22": {"assistant": 0.391801974979079, "goal": 0.6777527643338863}, "23": {"assistant": 0.3875686272801025, "goal": 0.6794559741625298}, "24": {"assistant": 0.3991314334117179, "goal": 0.68680841989352}, "25": {"assistant": 0.41087388775740263, "goal": 0.6806463334062971}, "26": {"assistant": 0.42216116982732654, "goal": 0.6984692252354057}, "27": {"assistant": 0.4362318380130693, "goal": 0.706312087394749}, "28": {"assistant": 0.42801176331939883, "goal": 0.7095520634588665}, "29": {"assistant": 0.44323908824120606, "goal": 0.7050301029173217}, "30": {"assistant": 0.4459207643267009, "goal": 0.7065223003244631}, "31": {"assistant": 0.43916938997668575, "goal": 0.7074686467290362}, "32": {"assistant": 0.43743197649534, "goal": 0.7083224072911728}, "33": {"assistant": 0.44704349803248883, "goal": 0.7177777373807981}, "34": {"assistant": 0.4521131308399789, "goal": 0.7243129449917973}, "35": {"assistant": 0.4558975317728336, "goal": 0.7373994316390021}, "36": {"assistant": 0.46138421559218445, "goal": 0.7505116443298883}, "37": {"assistant": 0.45249923627237776, "goal": 0.7578394516190093}, "38": {"assistant": 0.4575616772793602, "goal": 0.7630233745825785}, "39": {"assistant": 0.4755970787872333, "goal": 0.7684986044592625}, "40": {"assistant": 0.4756156387434307, "goal": 0.7821183776740546}, "41": {"assistant": 0.4795695734923154, "goal": 0.7848883488818229}, "42": {"assistant": 0.48910277392161616, "goal": 0.7932372159299845}, "43": {"assistant": 0.489357474908114, "goal": 0.7933593824810914}, "44": {"assistant": 0.48222165403317313, "goal": 0.7987973593763034}, "45": {"assistant": 0.47210551470640943, "goal": 0.8026503886181204}, "46": {"assistant": 0.47492006650173013, "goal": 0.8103459855879062}, "47": {"assistant": 0.4731731155802556, "goal": 0.8090087773051757}, "48": {"assistant": 0.47322214562406084, "goal": 0.808349657310142}, "49": {"assistant": 0.47322214562406084, "goal": 0.808349657310142}, "50": {"assistant": 0.47322214562406084, "goal": 0.808349657310142}}