{"1": {"assistant": -0.1364423093359008, "goal": -0.01480641689400105}, "2": {"assistant": -0.12313350879931571, "goal": -0.05866626026854511}, "3": {"assistant": -0.08472766568137419, "goal": -0.07281412102131395}, "4": {"assistant": -0.09824936358579264, "goal": -0.052778950227644485}, "5": {"assistant": -0.12434897311139136, "goal": -0.05831527140917523}, "6": {"assistant": -0.11197542965089295, "goal": -0.04701455702535103}, "7": {"assistant": -0.1528750417719297, "goal": -0.07252901458892838}, "8": {"assistant": -0.16835272692351755, "goal": -0.06797224850519036}, "9": {"assistant": -0.15940431343009678, "goal": -0.06500587805948067}, "10": {"assistant": -0.15489515913086072, "goal": -0.06733986818492914}, "11": {"assistant": -0.1622624857605934, "goal": -0.06134824002264967}, "12": {"assistant": -0.1681087589762979, "goal": -0.07688387990528862}, "13": {"assistant": -0.1677193923164091, "goal": -0.0865692740820463}, "14": {"assistant": -0.18175789028396944, "goal": -0.08002604811663604}, "15": {"assistant": -0.19927763714249783, "goal": -0.06544292924678968}, "16": {"assistant": -0.19814954894282968, "goal": -0.0607018118218925}, "17": {"assistant": -0.18449919252994298, "goal": -0.04873594810420212}, "18": {"assistant": -0.18004118061690197, "goal": -0.029842600430745492}, "19": {"assistant": -0.17374538738590728, "goal": -0.023938036337253343}, "20": {"assistant": -0.17959338269092753, "goal": -0.01636938740265264}, "21": {"assistant": -0.1773166807223209, "goal": -0.02594343883763513}, "22": {"assistant": -0.17600534587002517, "goal": -0.03466249056618254}, "23": {"assistant": -0.1845131763013852, "goal": -0.039720759277010124}, "24": {"assistant": -0.1934998594094562, "goal": -0.04947741242931286}, "25": {"assistant": -0.1934352093894387, "goal": -0.0499892573896171}, "26": {"assistant": -0.1845656233520377, "goal": -0.038001586378113586}, "27": {"assistant": -0.1911519124341124, "goal": -0.03653167172579451}, "28": {"assistant": -0.1926035355092821, "goal": -0.04551378189075848}, "29": {"assistant": -0.19444184777053564, "goal": -0.03898399480505254}, "30": {"assistant": -0.19870967688712435, "goal": -0.0452339716676541}, "31": {"assistant": -0.1995945171901767, "goal": -0.042440599451107515}, "32": {"assistant": -0.2119818907141934, "goal": -0.05013473594412172}, "33": {"assistant": -0.20829037489050728, "goal": -0.03967359687047599}, "34": {"assistant": -0.20844312486899344, "goal": -0.045586191043673216}, "35": {"assistant": -0.20019931171568056, "goal": -0.03326347635628284}, "36": {"assistant": -0.20135203317080438, "goal": -0.02463940857652689}, "37": {"assistant": -0.20264015139062994, "goal": -0.021307880046727824}, "38": {"assistant": -0.21173787106285963, "goal": -0.02727144639538637}, "39": {"assistant": -0.2014258226428652, "goal": -0.031073088397609423}, "40": {"assistant": -0.2033847533620786, "goal": -0.026288799515446496}, "41": {"assistant": -0.20218239333366395, "goal": -0.022016338433442462}, "42": {"assistant": -0.1981089929935778, "goal": -0.01995638032229335}, "43": {"assistant": -0.19994338456284197, "goal": -0.018892342467461066}, "44": {"assistant": -0.2029230896203789, "goal": -0.01316057013811503}, "45": {"assistant": -0.20850663774603043, "goal": -0.01334674219390884}, "46": {"assistant": -0.2079136020299389, "goal": -0.01596010789294087}, "47": {"assistant": -0.20966742315860826, "goal": -0.020163729547669238}, "48": {"assistant": -0.20994026303754373, "goal": -0.02138070731502227}, "49": {"assistant": -0.20994026303754373, "goal": -0.02138070731502227}, "50": {"assistant": -0.20994026303754373, "goal": -0.02138070731502227}}