{"1": {"assistant": -0.07007851464515473, "goal": 0.18876200205739835, "auto": 0.4123536968441179}, "2": {"assistant": -0.016063331833586752, "goal": 0.194840308509091, "auto": 0.5085637939678593}, "3": {"assistant": 0.004757259293625041, "goal": 0.2566881677704349, "auto": 0.5812481750827174}, "4": {"assistant": 0.02212462008794816, "goal": 0.315276680988736, "auto": 0.641759544140896}, "5": {"assistant": 0.04480518649870008, "goal": 0.3456516144946095, "auto": 0.6870564254764392}, "6": {"assistant": 0.059700951007450265, "goal": 0.39011888251271476, "auto": 0.7120796760154006}, "7": {"assistant": 0.04655815918873088, "goal": 0.3899265395684965, "auto": 0.7419793473997319}, "8": {"assistant": 0.04581242257214167, "goal": 0.3993486888411965, "auto": 0.7655865243681251}, "9": {"assistant": 0.06179083523559186, "goal": 0.41210171793510453, "auto": 0.785053814625417}, "10": {"assistant": 0.07784502685919373, "goal": 0.42098012521787764, "auto": 0.8026537587978826}, "11": {"assistant": 0.08221512530912992, "goal": 0.43274529954431823, "auto": 0.8193799731746769}, "12": {"assistant": 0.09266176894953891, "goal": 0.4432122879511965, "auto": 0.835715486122151}, "13": {"assistant": 0.10273107294908208, "goal": 0.443661702490355, "auto": 0.8479987741886655}, "14": {"assistant": 0.1024254591941234, "goal": 0.4588962036975234, "auto": 0.8605814512945649}, "15": {"assistant": 0.11360050958365886, "goal": 0.4617685402357372, "auto": 0.8733245363254751}, "16": {"assistant": 0.11689466300408526, "goal": 0.4760194380921187, "auto": 0.8844223898464413}, "17": {"assistant": 0.13005067720288938, "goal": 0.49069080178316526, "auto": 0.8939351145162495}, "18": {"assistant": 0.1474991747632566, "goal": 0.5061232148461822, "auto": 0.9011912092186573}, "19": {"assistant": 0.1570558303690114, "goal": 0.5243839320893361, "auto": 0.9103193657801967}, "20": {"assistant": 0.15783884256399355, "goal": 0.5317252492715725, "auto": 0.9169021015594946}, "21": {"assistant": 0.16590961087151201, "goal": 0.5330879838162882, "auto": 0.9239486760306288}, "22": {"assistant": 0.16667334184982208, "goal": 0.5286022474034748, "auto": 0.9298780115115332}, "23": {"assistant": 0.1673830391686763, "goal": 0.5306619858375565, "auto": 0.9349310381221625}, "24": {"assistant": 0.16229803283796412, "goal": 0.5326809833592041, "auto": 0.9412901857395221}, "25": {"assistant": 0.16691120647202376, "goal": 0.5319136314489764, "auto": 0.9456056798686948}, "26": {"assistant": 0.17122180055978659, "goal": 0.5462053115181464, "auto": 0.9506798760015193}, "27": {"assistant": 0.16573280066864282, "goal": 0.5540890310723815, "auto": 0.9542236651075225}, "28": {"assistant": 0.1655035392107229, "goal": 0.5559593913795599, "auto": 0.9592085119467932}, "29": {"assistant": 0.16254122007755795, "goal": 0.558041393915014, "auto": 0.9632184470390476}, "30": {"assistant": 0.1676978069670978, "goal": 0.5577179510476514, "auto": 0.9667510121149031}, "31": {"assistant": 0.17413195435739992, "goal": 0.5726002559167432, "auto": 0.9708628719981459}, "32": {"assistant": 0.16635522753188445, "goal": 0.5747881907255303, "auto": 0.9749138637913737}, "33": {"assistant": 0.16433921804224902, "goal": 0.57714946396411, "auto": 0.9788068344425429}, "34": {"assistant": 0.16746612411056594, "goal": 0.5783402975620467, "auto": 0.9814837717784488}, "35": {"assistant": 0.168050543365714, "goal": 0.583374407721357, "auto": 0.9849621497998364}, "36": {"assistant": 0.1674575420347614, "goal": 0.5815600853557713, "auto": 0.9877800354346159}, "37": {"assistant": 0.16470146375122774, "goal": 0.5806740114747122, "auto": 0.9903758342389054}, "38": {"assistant": 0.16281543005198287, "goal": 0.5868224153068752, "auto": 0.9922542274830456}, "39": {"assistant": 0.16465253358781334, "goal": 0.584873001445076, "auto": 0.9937273532087896}, "40": {"assistant": 0.16194873971961818, "goal": 0.5870899411114257, "auto": 0.9950213235388199}, "41": {"assistant": 0.16244367957140485, "goal": 0.5896024520202534, "auto": 0.9958190905238944}, "42": {"assistant": 0.16293046050727936, "goal": 0.5897455149275772, "auto": 0.9968122824307369}, "43": {"assistant": 0.16119424694815276, "goal": 0.586220935398902, "auto": 0.9975357115615974}, "44": {"assistant": 0.16147120527005038, "goal": 0.5903224468171607, "auto": 0.9982227499924465}, "45": {"assistant": 0.15614953559839317, "goal": 0.5884161216100967, "auto": 0.9986245571190464}, "46": {"assistant": 0.15503105794944727, "goal": 0.5865992743321727, "auto": 0.9990318469759031}, "47": {"assistant": 0.15331710286646494, "goal": 0.5849425541611939, "auto": 0.9990944090305515}, "48": {"assistant": 0.15313675449238684, "goal": 0.584644148135613, "auto": 0.9991246425261683}, "49": {"assistant": 0.15313675449238684, "goal": 0.584644148135613, "auto": 0.9991246425261683}, "50": {"assistant": 0.15313675449238684, "goal": 0.584644148135613, "auto": 0.9991246425261683}}