{"1": {"assistant": 0.04273654685082602, "goal": 0.2349740065570833, "auto": 0.3220018411104751}, "2": {"assistant": 0.004509877795465411, "goal": 0.24984674557347408, "auto": 0.4607237050729943}, "3": {"assistant": 0.07906337673090758, "goal": 0.314736486021497, "auto": 0.5371115515902725}, "4": {"assistant": 0.08725957157820043, "goal": 0.35279473834823927, "auto": 0.5972463602354403}, "5": {"assistant": 0.1404898772377069, "goal": 0.3792054525904171, "auto": 0.636255394566242}, "6": {"assistant": 0.17022501213024985, "goal": 0.4546232968767981, "auto": 0.6679809182550587}, "7": {"assistant": 0.21202247986539863, "goal": 0.4668792979237248, "auto": 0.6952226444029838}, "8": {"assistant": 0.2309498370717438, "goal": 0.4664242539427591, "auto": 0.7199305227937361}, "9": {"assistant": 0.23683687801783068, "goal": 0.49289539219885203, "auto": 0.7460499444267654}, "10": {"assistant": 0.26560220460115147, "goal": 0.5262423209733886, "auto": 0.7663801510316965}, "11": {"assistant": 0.27892233355516427, "goal": 0.5679986823913185, "auto": 0.784651246673431}, "12": {"assistant": 0.3112076785393952, "goal": 0.5730388603864562, "auto": 0.8049331780258366}, "13": {"assistant": 0.3317343687949854, "goal": 0.5954227155623594, "auto": 0.8200425847106368}, "14": {"assistant": 0.3453255078730454, "goal": 0.6209633086680594, "auto": 0.8340250164711642}, "15": {"assistant": 0.35091666162999313, "goal": 0.6300038998858797, "auto": 0.8479053959268652}, "16": {"assistant": 0.3658704266539639, "goal": 0.6497756441888195, "auto": 0.8600011167703399}, "17": {"assistant": 0.3618968355132772, "goal": 0.661314228391241, "auto": 0.872013509214317}, "18": {"assistant": 0.3849601154770425, "goal": 0.6832399748649394, "auto": 0.8815920062712272}, "19": {"assistant": 0.396133436279157, "goal": 0.7127763427625594, "auto": 0.8885598118372481}, "20": {"assistant": 0.4173543482561936, "goal": 0.7214577793854023, "auto": 0.8950530064879102}, "21": {"assistant": 0.4178228245118167, "goal": 0.7253380788471077, "auto": 0.9040111464817149}, "22": {"assistant": 0.42523389661586364, "goal": 0.7214930061672893, "auto": 0.9130668031888107}, "23": {"assistant": 0.43349297343522775, "goal": 0.7269712616382951, "auto": 0.919243646930732}, "24": {"assistant": 0.43435838698508505, "goal": 0.7374787445990456, "auto": 0.9266190932689201}, "25": {"assistant": 0.43681525328818244, "goal": 0.7301211163944311, "auto": 0.9335869837378055}, "26": {"assistant": 0.43118719522755306, "goal": 0.7428241395638537, "auto": 0.939547388026928}, "27": {"assistant": 0.435848848886861, "goal": 0.7541018355417711, "auto": 0.9459608971199267}, "28": {"assistant": 0.4361208038090413, "goal": 0.7636223723201416, "auto": 0.9522398114618426}, "29": {"assistant": 0.4508670647601874, "goal": 0.7658703954764966, "auto": 0.9577618623516841}, "30": {"assistant": 0.45963008494938695, "goal": 0.7739180739582884, "auto": 0.9622157267717868}, "31": {"assistant": 0.4585284842912834, "goal": 0.7854225979475926, "auto": 0.968334700805487}, "32": {"assistant": 0.4650454240802017, "goal": 0.7888806443453484, "auto": 0.9727361649633672}, "33": {"assistant": 0.475262734132816, "goal": 0.8023225476245693, "auto": 0.9774841384833387}, "34": {"assistant": 0.4706583992531611, "goal": 0.8093986839925406, "auto": 0.9816648950570347}, "35": {"assistant": 0.48414638254227466, "goal": 0.8197754206394389, "auto": 0.9852631216269689}, "36": {"assistant": 0.48557450585220735, "goal": 0.8265584618806419, "auto": 0.9883646996065498}, "37": {"assistant": 0.4857064746731314, "goal": 0.8232156596684631, "auto": 0.9910775499468435}, "38": {"assistant": 0.48757596419492527, "goal": 0.8284561790943421, "auto": 0.9934600473613876}, "39": {"assistant": 0.4936374011275619, "goal": 0.8334884791736596, "auto": 0.9945952826918094}, "40": {"assistant": 0.4949585667993464, "goal": 0.8387843403561468, "auto": 0.9956386667395305}, "41": {"assistant": 0.4961013995925586, "goal": 0.8401391503044117, "auto": 0.9964576536072804}, "42": {"assistant": 0.5013862610692285, "goal": 0.8428089020767895, "auto": 0.9971765082309916}, "43": {"assistant": 0.49788232747306405, "goal": 0.8431774251411315, "auto": 0.9977823960669764}, "44": {"assistant": 0.49894982835797325, "goal": 0.8419938804938765, "auto": 0.9985074086869424}, "45": {"assistant": 0.49571798595651145, "goal": 0.8406101184835081, "auto": 0.9989949047259297}, "46": {"assistant": 0.4980357461295508, "goal": 0.8451635246193405, "auto": 0.9995589141179764}, "47": {"assistant": 0.49820659650604815, "goal": 0.8440148966027562, "auto": 0.9995948676721724}, "48": {"assistant": 0.497807324990314, "goal": 0.844251178183729, "auto": 0.999629022161708}, "49": {"assistant": 0.497807324990314, "goal": 0.844251178183729, "auto": 0.999629022161708}, "50": {"assistant": 0.497807324990314, "goal": 0.844251178183729, "auto": 0.999629022161708}}