{"1": {"assistant": 0.1401479495580612, "goal": -0.11105059442605467, "auto": 0.4398965061410209}, "2": {"assistant": 0.17874502324264466, "goal": -0.04479562431839309, "auto": 0.5525861125023028}, "3": {"assistant": 0.18567101977863756, "goal": -0.002592229956197743, "auto": 0.6092867934176873}, "4": {"assistant": 0.2164670267372033, "goal": 0.0044424540309210316, "auto": 0.6576724516084318}, "5": {"assistant": 0.24061303748275703, "goal": 0.03442464209698285, "auto": 0.684838807760361}, "6": {"assistant": 0.24702348281759104, "goal": 0.0438281046760662, "auto": 0.7133960047740288}, "7": {"assistant": 0.24672902148406287, "goal": 0.049134979975517704, "auto": 0.7407691898461605}, "8": {"assistant": 0.25312798550827287, "goal": 0.05925111093710784, "auto": 0.7651835969993155}, "9": {"assistant": 0.2639131209339318, "goal": 0.06540586282441292, "auto": 0.784945486454119}, "10": {"assistant": 0.2588842122582716, "goal": 0.058643262506462415, "auto": 0.800767448710359}, "11": {"assistant": 0.26385463804985293, "goal": 0.06188786603318416, "auto": 0.8136231664140063}, "12": {"assistant": 0.27222078010590456, "goal": 0.06537980985662596, "auto": 0.8293061282143209}, "13": {"assistant": 0.2856449587781661, "goal": 0.07076845128922586, "auto": 0.8419848040436622}, "14": {"assistant": 0.29142949045342803, "goal": 0.07503480667934763, "auto": 0.853529973741406}, "15": {"assistant": 0.2981647476411169, "goal": 0.08419926240243136, "auto": 0.8667906819951376}, "16": {"assistant": 0.3007370326559433, "goal": 0.09618958901462935, "auto": 0.8766077090447165}, "17": {"assistant": 0.305462002659088, "goal": 0.10171275958376469, "auto": 0.8855553594137914}, "18": {"assistant": 0.3104329192116442, "goal": 0.10468516279420481, "auto": 0.893935333392026}, "19": {"assistant": 0.31815094652574505, "goal": 0.115760893626959, "auto": 0.9015418669114129}, "20": {"assistant": 0.325678452041579, "goal": 0.12187489055818192, "auto": 0.9089757059679405}, "21": {"assistant": 0.3319644976845461, "goal": 0.12379663857395455, "auto": 0.9165630607827371}, "22": {"assistant": 0.33995606879039997, "goal": 0.12778994400539403, "auto": 0.9230595690805704}, "23": {"assistant": 0.3426367542956434, "goal": 0.13435162842478915, "auto": 0.9294873543590236}, "24": {"assistant": 0.350357412092814, "goal": 0.135879173518242, "auto": 0.935586945959847}, "25": {"assistant": 0.3563870583672659, "goal": 0.14219095487484235, "auto": 0.9415050645734586}, "26": {"assistant": 0.3628286778414898, "goal": 0.14853781019783716, "auto": 0.9469677047823647}, "27": {"assistant": 0.36246478635342233, "goal": 0.15441598695946393, "auto": 0.9520525278883633}, "28": {"assistant": 0.3704192660206253, "goal": 0.16055024801234774, "auto": 0.9565137206761734}, "29": {"assistant": 0.37812637427644724, "goal": 0.1658128744954232, "auto": 0.9607089396114198}, "30": {"assistant": 0.385358446414346, "goal": 0.16929821421787108, "auto": 0.9642693371414756}, "31": {"assistant": 0.39174235928144424, "goal": 0.17296015141933552, "auto": 0.9669891943228208}, "32": {"assistant": 0.39562531227799713, "goal": 0.17347295675474464, "auto": 0.9706411392838804}, "33": {"assistant": 0.3977098096321067, "goal": 0.1750614596734627, "auto": 0.9740430711973188}, "34": {"assistant": 0.3995708550873952, "goal": 0.1760591700572811, "auto": 0.9769283530537923}, "35": {"assistant": 0.405158610808222, "goal": 0.17799098222530693, "auto": 0.9805200169322404}, "36": {"assistant": 0.40667118988366296, "goal": 0.1794660362831793, "auto": 0.9834331927033854}, "37": {"assistant": 0.4108128873429733, "goal": 0.1786376558270689, "auto": 0.9858862019081308}, "38": {"assistant": 0.41575511184040104, "goal": 0.18031362679844404, "auto": 0.9882076344670501}, "39": {"assistant": 0.4188245978445741, "goal": 0.1785583598728135, "auto": 0.9902353463545358}, "40": {"assistant": 0.42312171828782313, "goal": 0.18027285436731486, "auto": 0.992134752032398}, "41": {"assistant": 0.4237135966528165, "goal": 0.1798415269813855, "auto": 0.9936355708720952}, "42": {"assistant": 0.42378409365838177, "goal": 0.17971985733824133, "auto": 0.9949795893018359}, "43": {"assistant": 0.42501310403887144, "goal": 0.17910772598169836, "auto": 0.9960680870134889}, "44": {"assistant": 0.42502960953251495, "goal": 0.17785200164125695, "auto": 0.9968545997493924}, "45": {"assistant": 0.42485685721461036, "goal": 0.17726020436118903, "auto": 0.9974308868893326}, "46": {"assistant": 0.4233839208074142, "goal": 0.1767930779400482, "auto": 0.9977227602888715}, "47": {"assistant": 0.4240697151331783, "goal": 0.17649725761213855, "auto": 0.9978332981553757}, "48": {"assistant": 0.4244682300374107, "goal": 0.1766889735306193, "auto": 0.9978759632140484}, "49": {"assistant": 0.4244682300374107, "goal": 0.1766889735306193, "auto": 0.9978759632140484}, "50": {"assistant": 0.4244682300374107, "goal": 0.1766889735306193, "auto": 0.9978759632140484}}