{"1": {"assistant": -0.05292163724286312, "goal": 0.19605922248960533}, "2": {"assistant": 0.0019945660447714506, "goal": 0.20891615820646975}, "3": {"assistant": 0.02287401002379077, "goal": 0.27142113775726784}, "4": {"assistant": 0.030572399673617155, "goal": 0.3042053466639329}, "5": {"assistant": 0.053203973335280576, "goal": 0.3398709267914404}, "6": {"assistant": 0.04590060073464486, "goal": 0.3706132519039192}, "7": {"assistant": 0.032504228703480444, "goal": 0.37285861059817105}, "8": {"assistant": 0.02469127245514146, "goal": 0.3802548475756044}, "9": {"assistant": 0.04817791677897596, "goal": 0.3937903190385687}, "10": {"assistant": 0.08095249110635229, "goal": 0.4199997866471538}, "11": {"assistant": 0.07226081074517599, "goal": 0.43356999182731554}, "12": {"assistant": 0.0698610588591979, "goal": 0.429412329026989}, "13": {"assistant": 0.08477245602058593, "goal": 0.42230335543444086}, "14": {"assistant": 0.07281235657301081, "goal": 0.4273868247762916}, "15": {"assistant": 0.0714088194954082, "goal": 0.4418110787590118}, "16": {"assistant": 0.07213929014049472, "goal": 0.45148540438569085}, "17": {"assistant": 0.08334534764109441, "goal": 0.47510601705338656}, "18": {"assistant": 0.09875505668042166, "goal": 0.5038043033178651}, "19": {"assistant": 0.11009869001798925, "goal": 0.5150059728391647}, "20": {"assistant": 0.10600965169336757, "goal": 0.5115752332221177}, "21": {"assistant": 0.11559636274185525, "goal": 0.5130708914848569}, "22": {"assistant": 0.11276946808510672, "goal": 0.5015435725699134}, "23": {"assistant": 0.1137788528984861, "goal": 0.5049751025679646}, "24": {"assistant": 0.11127606410547292, "goal": 0.5016165999835253}, "25": {"assistant": 0.11168737453298486, "goal": 0.499698601428635}, "26": {"assistant": 0.12276072709708406, "goal": 0.514854839376612}, "27": {"assistant": 0.11795073338254777, "goal": 0.5182317370008991}, "28": {"assistant": 0.11575286720508147, "goal": 0.5199664411784926}, "29": {"assistant": 0.1163879881612372, "goal": 0.5210270952539375}, "30": {"assistant": 0.1208935037271518, "goal": 0.5220678214435467}, "31": {"assistant": 0.12276596409609135, "goal": 0.5317277033153883}, "32": {"assistant": 0.11677134024243307, "goal": 0.5319348638614622}, "33": {"assistant": 0.11811276124945568, "goal": 0.5348471077122358}, "34": {"assistant": 0.12005493372993195, "goal": 0.5356666437763046}, "35": {"assistant": 0.12739911212102628, "goal": 0.5497885837934592}, "36": {"assistant": 0.12709473750379774, "goal": 0.5545958489691865}, "37": {"assistant": 0.12839040252246053, "goal": 0.5594369426599215}, "38": {"assistant": 0.12962448744820246, "goal": 0.5609275759305392}, "39": {"assistant": 0.13627579148510618, "goal": 0.5592920796469865}, "40": {"assistant": 0.13256398699583571, "goal": 0.5661638879095654}, "41": {"assistant": 0.13449291215374926, "goal": 0.5721111567271763}, "42": {"assistant": 0.1367756271706801, "goal": 0.5740389943960602}, "43": {"assistant": 0.1346078951693007, "goal": 0.5701025400875201}, "44": {"assistant": 0.1363240143401465, "goal": 0.5802322951830367}, "45": {"assistant": 0.12825232973249606, "goal": 0.579248329086037}, "46": {"assistant": 0.12743462219413423, "goal": 0.5772176713975008}, "47": {"assistant": 0.12451247474779507, "goal": 0.5737689644634413}, "48": {"assistant": 0.12436428617246668, "goal": 0.5736676168109679}, "49": {"assistant": 0.12436428617246668, "goal": 0.5736676168109679}, "50": {"assistant": 0.12436428617246668, "goal": 0.5736676168109679}}