{"1": {"assistant": 0.034023927402629724, "goal": 0.27775241396884914}, "2": {"assistant": 0.18374718264819773, "goal": 0.32361141644123526}, "3": {"assistant": 0.2474983522701261, "goal": 0.3808034785504838}, "4": {"assistant": 0.22303804386631898, "goal": 0.4240278782085901}, "5": {"assistant": 0.2472292168847272, "goal": 0.42919013753599283}, "6": {"assistant": 0.24192621917077958, "goal": 0.4633406173190121}, "7": {"assistant": 0.23995235046608382, "goal": 0.47954367019119}, "8": {"assistant": 0.2291650200272514, "goal": 0.49298583008825053}, "9": {"assistant": 0.24261975179338102, "goal": 0.5027958585839318}, "10": {"assistant": 0.2727991746006029, "goal": 0.5347289041457455}, "11": {"assistant": 0.276767077925755, "goal": 0.547668667182884}, "12": {"assistant": 0.28566532540823286, "goal": 0.5424957493149796}, "13": {"assistant": 0.3030742402863186, "goal": 0.5551556636227205}, "14": {"assistant": 0.303568143538943, "goal": 0.5481908947978065}, "15": {"assistant": 0.30884133395791036, "goal": 0.5487863360854948}, "16": {"assistant": 0.32029933526598614, "goal": 0.5492293644581867}, "17": {"assistant": 0.32299456625511724, "goal": 0.5700403337820196}, "18": {"assistant": 0.34724750644983504, "goal": 0.6004263468962587}, "19": {"assistant": 0.3681941051122757, "goal": 0.6166730511705152}, "20": {"assistant": 0.36403278675488127, "goal": 0.6148936478095917}, "21": {"assistant": 0.3595928404799851, "goal": 0.6155653497946162}, "22": {"assistant": 0.3615912098599622, "goal": 0.6138855172035338}, "23": {"assistant": 0.3584625336778663, "goal": 0.6076712683189058}, "24": {"assistant": 0.3664898746155314, "goal": 0.612360659515349}, "25": {"assistant": 0.3635592260285557, "goal": 0.6014772447362051}, "26": {"assistant": 0.3689637425334573, "goal": 0.6099423140657674}, "27": {"assistant": 0.37128036717526103, "goal": 0.609710339617789}, "28": {"assistant": 0.36532082439165603, "goal": 0.6087420507004436}, "29": {"assistant": 0.37553869087053277, "goal": 0.6111832478905946}, "30": {"assistant": 0.3693378231675822, "goal": 0.6092211796003787}, "31": {"assistant": 0.36347189533016516, "goal": 0.6114744907387218}, "32": {"assistant": 0.3635312739968492, "goal": 0.6123671775514983}, "33": {"assistant": 0.3635380119155619, "goal": 0.6120741240007157}, "34": {"assistant": 0.3621923856010597, "goal": 0.6086471145123492}, "35": {"assistant": 0.36936085475759295, "goal": 0.6190009016010669}, "36": {"assistant": 0.3718296873108401, "goal": 0.6273021229830916}, "37": {"assistant": 0.36685639126130887, "goal": 0.6306541515612132}, "38": {"assistant": 0.3688106496836898, "goal": 0.6331412225971532}, "39": {"assistant": 0.3788333774983335, "goal": 0.6277736977582754}, "40": {"assistant": 0.38198636872847586, "goal": 0.639243758317214}, "41": {"assistant": 0.3857309732695036, "goal": 0.635815627485406}, "42": {"assistant": 0.3889496220475873, "goal": 0.634409333173664}, "43": {"assistant": 0.38940821931929226, "goal": 0.6298382442144479}, "44": {"assistant": 0.3882613739491653, "goal": 0.6383805216657119}, "45": {"assistant": 0.38299426505037065, "goal": 0.6370575756496433}, "46": {"assistant": 0.3847561947457377, "goal": 0.6389354975397925}, "47": {"assistant": 0.3826094410492745, "goal": 0.6383487800890669}, "48": {"assistant": 0.3818575108535457, "goal": 0.6380045904711805}, "49": {"assistant": 0.3818575108535457, "goal": 0.6380045904711805}, "50": {"assistant": 0.3818575108535457, "goal": 0.6380045904711805}}