{"1": {"assistant": 0.1515363030006686, "goal": 0.17130823241402818}, "2": {"assistant": 0.15616583932392666, "goal": 0.21578628781441556}, "3": {"assistant": 0.23616286140295442, "goal": 0.2866295884701125}, "4": {"assistant": 0.22290433469648366, "goal": 0.2908497774395987}, "5": {"assistant": 0.21864510780283372, "goal": 0.31043201054480707}, "6": {"assistant": 0.22889012706492506, "goal": 0.3472961954005819}, "7": {"assistant": 0.22416266014163394, "goal": 0.368362169033019}, "8": {"assistant": 0.297347811973476, "goal": 0.36525418339916915}, "9": {"assistant": 0.3225352232816872, "goal": 0.3811330056996501}, "10": {"assistant": 0.3286609637972008, "goal": 0.4542497334916516}, "11": {"assistant": 0.35877965854876687, "goal": 0.49354024858383594}, "12": {"assistant": 0.4040992463707322, "goal": 0.47896271407730484}, "13": {"assistant": 0.4322934483425903, "goal": 0.5138120903002861}, "14": {"assistant": 0.4215530624427931, "goal": 0.5030185877756833}, "15": {"assistant": 0.4122857354686352, "goal": 0.5137958862401983}, "16": {"assistant": 0.41979653531475386, "goal": 0.5238855939757062}, "17": {"assistant": 0.41857031639396325, "goal": 0.5559280395896243}, "18": {"assistant": 0.41936296472830803, "goal": 0.5935481697969391}, "19": {"assistant": 0.4418566969834866, "goal": 0.6275537729690772}, "20": {"assistant": 0.4557261515520633, "goal": 0.6295176534684551}, "21": {"assistant": 0.4519448358262786, "goal": 0.6291478917249731}, "22": {"assistant": 0.457344128676986, "goal": 0.6262892778875422}, "23": {"assistant": 0.458487551108644, "goal": 0.6311131952303809}, "24": {"assistant": 0.4611578328183953, "goal": 0.6361430956663898}, "25": {"assistant": 0.476423615255893, "goal": 0.6261974331833591}, "26": {"assistant": 0.4664773789881431, "goal": 0.641928627366268}, "27": {"assistant": 0.4661110091166297, "goal": 0.6514287982042037}, "28": {"assistant": 0.4738938453407573, "goal": 0.6514050397242903}, "29": {"assistant": 0.47843060337845705, "goal": 0.6483336879740459}, "30": {"assistant": 0.5018982904159325, "goal": 0.6479412448370859}, "31": {"assistant": 0.5030882806970639, "goal": 0.6470968060880528}, "32": {"assistant": 0.5044605438734191, "goal": 0.6440818377932531}, "33": {"assistant": 0.5142236425088526, "goal": 0.6548603224098607}, "34": {"assistant": 0.5151033746265353, "goal": 0.6510491394447426}, "35": {"assistant": 0.5240011321998722, "goal": 0.6694897901641766}, "36": {"assistant": 0.5357600332766089, "goal": 0.6893080682391666}, "37": {"assistant": 0.5316771605857046, "goal": 0.6981476524545545}, "38": {"assistant": 0.5357425669307626, "goal": 0.6966305347131317}, "39": {"assistant": 0.5394646430551363, "goal": 0.7065060852872486}, "40": {"assistant": 0.5431011752248296, "goal": 0.7168666592612987}, "41": {"assistant": 0.5526850163208943, "goal": 0.7205894250171743}, "42": {"assistant": 0.5621644877134777, "goal": 0.7192444200297122}, "43": {"assistant": 0.5715066493422889, "goal": 0.7256573779071253}, "44": {"assistant": 0.5819265613476658, "goal": 0.7393899924920511}, "45": {"assistant": 0.5805434017381605, "goal": 0.7399776918199483}, "46": {"assistant": 0.5817470043984646, "goal": 0.7426616892821051}, "47": {"assistant": 0.5852619978004966, "goal": 0.740109975482174}, "48": {"assistant": 0.5847502359754508, "goal": 0.7368047547226223}, "49": {"assistant": 0.5847502359754508, "goal": 0.7368047547226223}, "50": {"assistant": 0.5847502359754508, "goal": 0.7368047547226223}}