{"1": {"assistant": 0.24419311662076085, "goal": -0.10371458685385312}, "2": {"assistant": 0.15724753325883578, "goal": -0.05264605540573844}, "3": {"assistant": 0.15127257001978442, "goal": 0.0110689147555212}, "4": {"assistant": 0.1804694171728239, "goal": 0.024565616639240645}, "5": {"assistant": 0.201156366111062, "goal": 0.062291176435276735}, "6": {"assistant": 0.20344474043477032, "goal": 0.07928099253026008}, "7": {"assistant": 0.21106459377302048, "goal": 0.09095475776439989}, "8": {"assistant": 0.2230397561229623, "goal": 0.0846630233987283}, "9": {"assistant": 0.23697628726936598, "goal": 0.08660269141204333}, "10": {"assistant": 0.22979825253254213, "goal": 0.08035081865838796}, "11": {"assistant": 0.2353655540931028, "goal": 0.07936444945908291}, "12": {"assistant": 0.24840238070555984, "goal": 0.08282253768188651}, "13": {"assistant": 0.2620551039238651, "goal": 0.0814740945163281}, "14": {"assistant": 0.2655551392018895, "goal": 0.0846739088445376}, "15": {"assistant": 0.266580703849564, "goal": 0.09381583225385394}, "16": {"assistant": 0.2641391083024929, "goal": 0.09954203041585685}, "17": {"assistant": 0.2711536035725262, "goal": 0.10435124535113115}, "18": {"assistant": 0.2735313760409581, "goal": 0.10814664424164644}, "19": {"assistant": 0.28063368759214746, "goal": 0.1172977554627816}, "20": {"assistant": 0.2886662923488665, "goal": 0.12268115600049591}, "21": {"assistant": 0.2950641545763386, "goal": 0.12618694761663435}, "22": {"assistant": 0.2984357568943324, "goal": 0.13202042484807003}, "23": {"assistant": 0.3003061106505411, "goal": 0.14081662679249837}, "24": {"assistant": 0.3058960009981576, "goal": 0.13716782481058798}, "25": {"assistant": 0.3105628853665943, "goal": 0.14179090635308034}, "26": {"assistant": 0.3200330839267435, "goal": 0.1498000325024159}, "27": {"assistant": 0.3220915237424348, "goal": 0.1577946197209697}, "28": {"assistant": 0.33175802629831935, "goal": 0.16798251866686004}, "29": {"assistant": 0.34073095070036497, "goal": 0.17363993461846736}, "30": {"assistant": 0.34780429320834294, "goal": 0.1780820396743226}, "31": {"assistant": 0.35615049191090453, "goal": 0.18395787552361761}, "32": {"assistant": 0.36148286390553097, "goal": 0.18456682779287864}, "33": {"assistant": 0.3664930785986532, "goal": 0.18601740425244048}, "34": {"assistant": 0.37134835364783375, "goal": 0.18695808021166235}, "35": {"assistant": 0.37955302844403604, "goal": 0.18800346103714538}, "36": {"assistant": 0.38326674701792474, "goal": 0.18990978702494665}, "37": {"assistant": 0.39119812443867413, "goal": 0.18860928297055718}, "38": {"assistant": 0.39810089320240305, "goal": 0.19237782221596103}, "39": {"assistant": 0.4030261747357192, "goal": 0.19171598842359538}, "40": {"assistant": 0.4104067966917989, "goal": 0.19601179177730865}, "41": {"assistant": 0.41160168147586973, "goal": 0.1961898195616509}, "42": {"assistant": 0.4123494490127636, "goal": 0.19717390605442242}, "43": {"assistant": 0.4155700175599528, "goal": 0.19723418841522455}, "44": {"assistant": 0.4168860840329011, "goal": 0.1962312799210742}, "45": {"assistant": 0.41842894390450824, "goal": 0.1967612404133222}, "46": {"assistant": 0.4175353281425924, "goal": 0.19722251477168684}, "47": {"assistant": 0.4191948957055901, "goal": 0.19705938689635433}, "48": {"assistant": 0.42035552953093985, "goal": 0.1977823330668466}, "49": {"assistant": 0.42035552953093985, "goal": 0.1977823330668466}, "50": {"assistant": 0.42035552953093985, "goal": 0.1977823330668466}}