{"1": {"goal": 0.24419311662076085, "assistant": -0.10371458685385312}, "2": {"goal": 0.15724753325883578, "assistant": -0.05264605540573844}, "3": {"goal": 0.15127257001978442, "assistant": 0.0110689147555212}, "4": {"goal": 0.1804694171728239, "assistant": 0.024565616639240645}, "5": {"goal": 0.201156366111062, "assistant": 0.062291176435276735}, "6": {"goal": 0.20344474043477032, "assistant": 0.07928099253026008}, "7": {"goal": 0.21106459377302048, "assistant": 0.09095475776439989}, "8": {"goal": 0.2230397561229623, "assistant": 0.0846630233987283}, "9": {"goal": 0.23697628726936598, "assistant": 0.08660269141204333}, "10": {"goal": 0.22979825253254213, "assistant": 0.08035081865838796}, "11": {"goal": 0.2353655540931028, "assistant": 0.07936444945908291}, "12": {"goal": 0.24840238070555984, "assistant": 0.08282253768188651}, "13": {"goal": 0.2620551039238651, "assistant": 0.0814740945163281}, "14": {"goal": 0.2655551392018895, "assistant": 0.0846739088445376}, "15": {"goal": 0.266580703849564, "assistant": 0.09381583225385394}, "16": {"goal": 0.2641391083024929, "assistant": 0.09954203041585685}, "17": {"goal": 0.2711536035725262, "assistant": 0.10435124535113115}, "18": {"goal": 0.2735313760409581, "assistant": 0.10814664424164644}, "19": {"goal": 0.28063368759214746, "assistant": 0.1172977554627816}, "20": {"goal": 0.2886662923488665, "assistant": 0.12268115600049591}, "21": {"goal": 0.2950641545763386, "assistant": 0.12618694761663435}, "22": {"goal": 0.2984357568943324, "assistant": 0.13202042484807003}, "23": {"goal": 0.3003061106505411, "assistant": 0.14081662679249837}, "24": {"goal": 0.3058960009981576, "assistant": 0.13716782481058798}, "25": {"goal": 0.3105628853665943, "assistant": 0.14179090635308034}, "26": {"goal": 0.3200330839267435, "assistant": 0.1498000325024159}, "27": {"goal": 0.3220915237424348, "assistant": 0.1577946197209697}, "28": {"goal": 0.33175802629831935, "assistant": 0.16798251866686004}, "29": {"goal": 0.34073095070036497, "assistant": 0.17363993461846736}, "30": {"goal": 0.34780429320834294, "assistant": 0.1780820396743226}, "31": {"goal": 0.35615049191090453, "assistant": 0.18395787552361761}, "32": {"goal": 0.36148286390553097, "assistant": 0.18456682779287864}, "33": {"goal": 0.3664930785986532, "assistant": 0.18601740425244048}, "34": {"goal": 0.37134835364783375, "assistant": 0.18695808021166235}, "35": {"goal": 0.37955302844403604, "assistant": 0.18800346103714538}, "36": {"goal": 0.38326674701792474, "assistant": 0.18990978702494665}, "37": {"goal": 0.39119812443867413, "assistant": 0.18860928297055718}, "38": {"goal": 0.39810089320240305, "assistant": 0.19237782221596103}, "39": {"goal": 0.4030261747357192, "assistant": 0.19171598842359538}, "40": {"goal": 0.4104067966917989, "assistant": 0.19601179177730865}, "41": {"goal": 0.41160168147586973, "assistant": 0.1961898195616509}, "42": {"goal": 0.4123494490127636, "assistant": 0.19717390605442242}, "43": {"goal": 0.4155700175599528, "assistant": 0.19723418841522455}, "44": {"goal": 0.4168860840329011, "assistant": 0.1962312799210742}, "45": {"goal": 0.41842894390450824, "assistant": 0.1967612404133222}, "46": {"goal": 0.4175353281425924, "assistant": 0.19722251477168684}, "47": {"goal": 0.4191948957055901, "assistant": 0.19705938689635433}, "48": {"goal": 0.42035552953093985, "assistant": 0.1977823330668466}, "49": {"goal": 0.42035552953093985, "assistant": 0.1977823330668466}, "50": {"goal": 0.42035552953093985, "assistant": 0.1977823330668466}}