{"1": {"assistant": 0.3437227537762406, "goal": 0.01183517629932487}, "2": {"assistant": 0.06522529392476521, "goal": 0.14469960240057897}, "3": {"assistant": 0.09819739323803905, "goal": 0.23196020961903616}, "4": {"assistant": 0.09899560905855687, "goal": 0.24315316541174303}, "5": {"assistant": 0.2141305278944451, "goal": 0.24217942760470543}, "6": {"assistant": 0.2004959105687485, "goal": 0.2731992757757322}, "7": {"assistant": 0.18523263504366363, "goal": 0.2808571746773036}, "8": {"assistant": 0.16798828368564672, "goal": 0.28160215597152805}, "9": {"assistant": 0.16354119570120002, "goal": 0.28283632880957693}, "10": {"assistant": 0.1836685258976153, "goal": 0.3593025118449236}, "11": {"assistant": 0.16685510717013013, "goal": 0.39587647881862315}, "12": {"assistant": 0.16330595250251514, "goal": 0.3798536380747054}, "13": {"assistant": 0.203442660399135, "goal": 0.4040938486277388}, "14": {"assistant": 0.17708837483915316, "goal": 0.4246698051307259}, "15": {"assistant": 0.19093709880038204, "goal": 0.4314760430428807}, "16": {"assistant": 0.1981803620940007, "goal": 0.4397115014283484}, "17": {"assistant": 0.19554166243698426, "goal": 0.4581004423115185}, "18": {"assistant": 0.18211229572210283, "goal": 0.5033183442973734}, "19": {"assistant": 0.19946135802837758, "goal": 0.5353677942006093}, "20": {"assistant": 0.19459388158811644, "goal": 0.5327980831642539}, "21": {"assistant": 0.19954757935522238, "goal": 0.529482906995696}, "22": {"assistant": 0.18577373711822645, "goal": 0.5188729955082666}, "23": {"assistant": 0.1985144331815608, "goal": 0.5116491141595821}, "24": {"assistant": 0.20772239841970955, "goal": 0.516138290080508}, "25": {"assistant": 0.19960453203105763, "goal": 0.5079123553926156}, "26": {"assistant": 0.2381283197384907, "goal": 0.5272830484467347}, "27": {"assistant": 0.2358274110446761, "goal": 0.5354623780782211}, "28": {"assistant": 0.21162593166245022, "goal": 0.5357128937793689}, "29": {"assistant": 0.2091559676730598, "goal": 0.5333602207625835}, "30": {"assistant": 0.19608633956324978, "goal": 0.5235651990100472}, "31": {"assistant": 0.18651755749037838, "goal": 0.5217842750273141}, "32": {"assistant": 0.18623362214423098, "goal": 0.5172459197021999}, "33": {"assistant": 0.18965327207883606, "goal": 0.5219751284181395}, "34": {"assistant": 0.19444049256280002, "goal": 0.5109733589066863}, "35": {"assistant": 0.19917272290783394, "goal": 0.5312341388104238}, "36": {"assistant": 0.21430413898226933, "goal": 0.5441345985539886}, "37": {"assistant": 0.21919239593651138, "goal": 0.5493011923809924}, "38": {"assistant": 0.22285820163261222, "goal": 0.5405845651474763}, "39": {"assistant": 0.2351023612698916, "goal": 0.5486280479076266}, "40": {"assistant": 0.2613663616696537, "goal": 0.5555823562834301}, "41": {"assistant": 0.26421747078853464, "goal": 0.5508960301735047}, "42": {"assistant": 0.2682248502793751, "goal": 0.5459412213129097}, "43": {"assistant": 0.2743272872758726, "goal": 0.5476927316799821}, "44": {"assistant": 0.28120842784889505, "goal": 0.5604360144636464}, "45": {"assistant": 0.28192912591704367, "goal": 0.5633380862640286}, "46": {"assistant": 0.2804328498961299, "goal": 0.5620116263024442}, "47": {"assistant": 0.28027493121979713, "goal": 0.5573641101628661}, "48": {"assistant": 0.28045187297130114, "goal": 0.5521826102051075}, "49": {"assistant": 0.28045187297130114, "goal": 0.5521826102051075}, "50": {"assistant": 0.28045187297130114, "goal": 0.5521826102051075}}