{"1": {"assistant": 0.11797050166560434, "goal": 0.24708528706550173}, "2": {"assistant": 0.17477619949725784, "goal": 0.3130955324243169}, "3": {"assistant": 0.1247530233301128, "goal": 0.3447320119540509}, "4": {"assistant": 0.1656949723908782, "goal": 0.409928132281611}, "5": {"assistant": 0.17924047523265219, "goal": 0.42252687752741047}, "6": {"assistant": 0.19542171908959388, "goal": 0.46240793659373214}, "7": {"assistant": 0.21316642930883586, "goal": 0.46238444204766505}, "8": {"assistant": 0.19166224717785094, "goal": 0.45285747311235375}, "9": {"assistant": 0.2027708091011001, "goal": 0.45426277180323354}, "10": {"assistant": 0.22633210092281522, "goal": 0.48560277844255845}, "11": {"assistant": 0.21759477982008224, "goal": 0.4850706420778287}, "12": {"assistant": 0.21623644950748727, "goal": 0.4836371438219519}, "13": {"assistant": 0.21969925154081438, "goal": 0.48086136493968096}, "14": {"assistant": 0.20277245824027165, "goal": 0.4769275943112587}, "15": {"assistant": 0.21416842649653325, "goal": 0.48164672571351985}, "16": {"assistant": 0.2183130970134043, "goal": 0.4880995777907274}, "17": {"assistant": 0.22779038909604507, "goal": 0.5196109881151257}, "18": {"assistant": 0.24378216565613234, "goal": 0.5458200538768663}, "19": {"assistant": 0.26789810995959645, "goal": 0.5653977871358317}, "20": {"assistant": 0.2684524628942246, "goal": 0.574512082116801}, "21": {"assistant": 0.2684086826530308, "goal": 0.5770986066405452}, "22": {"assistant": 0.263192425052563, "goal": 0.5723613946278032}, "23": {"assistant": 0.26526768774344756, "goal": 0.5835468181767778}, "24": {"assistant": 0.26960865647027366, "goal": 0.5838454273534585}, "25": {"assistant": 0.2671367014607236, "goal": 0.5800143994849277}, "26": {"assistant": 0.2786219324590089, "goal": 0.5908233819107455}, "27": {"assistant": 0.2736245327235376, "goal": 0.594225939592943}, "28": {"assistant": 0.2768409404561191, "goal": 0.5993178118763257}, "29": {"assistant": 0.27344685500651766, "goal": 0.6052125188182563}, "30": {"assistant": 0.2814289324041102, "goal": 0.6039153918476684}, "31": {"assistant": 0.2819308703819197, "goal": 0.6119515376391867}, "32": {"assistant": 0.2763296911349193, "goal": 0.6094911109704868}, "33": {"assistant": 0.27749129631315317, "goal": 0.6120722101404903}, "34": {"assistant": 0.27315509948013694, "goal": 0.6073852603855796}, "35": {"assistant": 0.27365778053860934, "goal": 0.6138753463237485}, "36": {"assistant": 0.27534075599865876, "goal": 0.620453449212204}, "37": {"assistant": 0.28014733580896006, "goal": 0.6240042331532143}, "38": {"assistant": 0.2843227347880305, "goal": 0.6269337990287396}, "39": {"assistant": 0.28856109464734786, "goal": 0.6219838289541253}, "40": {"assistant": 0.2949637690398837, "goal": 0.6302071188790106}, "41": {"assistant": 0.29620543941685173, "goal": 0.6301484720390451}, "42": {"assistant": 0.30601445547092576, "goal": 0.6298461322150264}, "43": {"assistant": 0.3071303956726347, "goal": 0.6284109103409756}, "44": {"assistant": 0.3149520098120827, "goal": 0.6377672859792977}, "45": {"assistant": 0.3064562112389318, "goal": 0.6322722213118283}, "46": {"assistant": 0.31163211279063696, "goal": 0.6326943062567062}, "47": {"assistant": 0.31013361972948217, "goal": 0.6302669492872904}, "48": {"assistant": 0.30894397003200297, "goal": 0.6287966019645288}, "49": {"assistant": 0.30894397003200297, "goal": 0.6287966019645288}, "50": {"assistant": 0.30894397003200297, "goal": 0.6287966019645288}}